股票代码,股票名称,行业,细分赛道,标签,月涨幅(%),年涨幅(%),基本面打分,短线打分,长线打分,目标价,备注,是否持仓股
688256,寒武纪,芯片智造,AI算力芯片,训练芯片核心、技术标杆,12.096774193548375,254.01385493072536,70.0,39.4,58.7,1410.59,基本面70.0 | 短线39.4 | 中期58.7 | AI算力芯片、技术标杆、核心；缺少总市值数据，按中性处理；PE不可用或为负，估值可信度较低；毛利率54.3%，盈利壁垒强；ROE 8.2%；营收同比159.6%；利润同比185.0% | 月涨幅分位65%；换手率1.37%；成交额106.3亿；价在MA20下方,缺失
688521,芯原股份,芯片智造,AI算力芯片,AI芯片IP核心、国产替代,21.695872361403666,216.4801864801865,54.0,38.0,36.7,197.27,基本面54.0 | 短线38.0 | 中期36.7 | AI算力芯片、国产替代、核心；缺少总市值数据，按中性处理；PE不可用或为负，估值可信度较低；毛利率32.3%，盈利能力良好；ROE -10.4%偏低；营收同比114.5%；利润同比-54.7% | 月涨幅分位79%；换手率2.73%；成交额32.2亿；价在MA20下方,缺失
688802,沐曦股份,芯片智造,AI算力芯片,算力芯片核心、技术突破,40.00201470736376,缺失,67.0,53.3,65.3,965.43,基本面67.0 | 短线53.3 | 中期65.3 | AI算力芯片、技术突破、核心；缺少总市值数据，按中性处理；PE不可用或为负，估值可信度较低；毛利率60.1%，盈利壁垒强；ROE -0.8%偏低；营收同比75.4%；利润同比57.5% | 月涨幅分位92%；换手率8.66%；成交额13.0亿；价在MA20下方,缺失
688041,海光信息,芯片智造,AI算力芯片,行业龙头、产能领先、国产替代,23.271518919498348,148.3980128158975,66.0,38.2,52.8,340.65,基本面66.0 | 短线38.2 | 中期52.8 | AI算力芯片、行业龙头、龙头、产能领先、国产替代；缺少总市值数据，按中性处理；PE不可用或为负，估值可信度较低；毛利率55.6%，盈利壁垒强；ROE 3.0%偏低；营收同比68.1%；利润同比35.8% | 月涨幅分位80%；换手率0.85%；成交额62.1亿；价在MA20下方,缺失
688795,摩尔线程,芯片智造,AI算力芯片,算力芯片核心、国产GPU龙头,17.254934075833273,缺失,68.0,32.5,26.7,642.1,基本面68.0 | 短线32.5 | 中期26.7 | AI算力芯片、龙头、核心；缺少总市值数据，按中性处理；PE不可用或为负，估值可信度较低；毛利率67.4%，盈利壁垒强；ROE 0.3%偏低；营收同比155.3%；利润同比126.1% | 月涨幅分位74%；换手率3.56%；成交额6.5亿；价在MA20下方,缺失
688047,龙芯中科,芯片智造,AI算力芯片,国产CPU龙头、技术自主,-1.4655663062037585,-0.3668800805697314,56.0,14.8,7.6,98.73,基本面56.0 | 短线14.8 | 中期7.6 | AI算力芯片、龙头；缺少总市值数据，按中性处理；PE不可用或为负，估值可信度较低；毛利率34.9%，盈利能力良好；ROE -4.7%偏低；营收同比8.0%；利润同比24.7% | 月涨幅分位47%；换手率1.18%；成交额5.1亿；价在MA20下方,缺失
300474,景嘉微,芯片智造,AI算力芯片、DSP芯片,推理芯片核心、国产DSP龙头、机构重仓,15.84527783231886,-18.39557399723375,55.0,20.2,13.1,41.45,基本面55.0 | 短线20.2 | 中期13.1 | AI算力芯片、龙头、机构重仓、核心；缺少总市值数据，按中性处理；PE不可用或为负，估值可信度较低；毛利率61.7%，盈利壁垒强；ROE -0.8%偏低；营收同比-17.9%；利润同比-2.3% | 月涨幅分位72%；换手率1.97%；成交额4.1亿；价在MA20下方,缺失
688019,安集科技,芯片智造,CMP设备,抛光液龙头、产能领先,32.25777777777776,168.42864874616632,68.0,52.6,63.5,290.83,基本面68.0 | 短线52.6 | 中期63.5 | CMP设备、龙头、产能领先；缺少总市值数据，按中性处理；PE不可用或为负，估值可信度较低；毛利率55.5%，盈利壁垒强；ROE 5.7%；营收同比32.8%；利润同比23.0% | 月涨幅分位87%；换手率4.12%；成交额23.6亿；价在MA20下方,缺失
300260,新莱应材,芯片智造,CMP设备,零部件核心、国产替代,8.722996992069998,152.92620865139946,48.0,37.6,37.6,53.35,基本面48.0 | 短线37.6 | 中期37.6 | CMP设备、国产替代、核心；缺少总市值数据，按中性处理；PE不可用或为负，估值可信度较低；毛利率22.2%，处于一般水平；ROE 2.4%偏低；营收同比14.1%；利润同比3.6% | 月涨幅分位60%；换手率7.26%；成交额11.8亿；价在MA20下方,缺失
300054,鼎龙股份,芯片智造,CMP设备、韬定律,抛光垫龙头、产能领先、钨/氧抛光液,1.2927756653992262,187.17211642112832,66.0,48.1,53.0,84.06,基本面66.0 | 短线48.1 | 中期53.0 | CMP设备、龙头、产能领先；缺少总市值数据，按中性处理；PE不可用或为负，估值可信度较低；毛利率54.9%，盈利壁垒强；ROE 4.7%偏低；营收同比23.8%；利润同比78.0% | 月涨幅分位50%；换手率4.90%；成交额26.7亿；价在MA20下方,缺失
688120,华海清科,芯片智造,CMP设备、韬定律,行业龙头、产能领先,76.90760869565216,311.0493749210759,61.0,58.8,75.0,290.74,基本面61.0 | 短线58.8 | 中期75.0 | CMP设备、行业龙头、龙头、产能领先；缺少总市值数据，按中性处理；PE不可用或为负，估值可信度较低；毛利率42.3%，盈利能力优秀；ROE 3.3%偏低；营收同比31.7%；利润同比5.9% | 月涨幅分位100%；换手率3.14%；成交额41.2亿；价在MA20下方,缺失
300394,天孚通信,光模块,CPO光引擎,CPO龙头、封装核心、绑定头部、高毛利,-7.702438156255553,385.5992509363296,68.0,30.9,32.9,211.58,基本面68.0 | 短线30.9 | 中期32.9 | CPO光引擎、龙头、高毛利、核心；缺少总市值数据，按中性处理；PE不可用或为负，估值可信度较低；毛利率56.6%，盈利壁垒强；ROE 8.6%；营收同比40.8%；利润同比45.8% | 月涨幅分位33%；换手率2.34%；成交额52.7亿；价在MA20下方,缺失
688296,和林微纳,光模块,DSP芯片、韬定律,高速DSP核心、技术研发、高壁垒、高毛利、芯片探针,-5.97127739984884,-2.8125000000000067,51.0,55.3,43.8,13.65,基本面51.0 | 短线55.3 | 中期43.8 | 高毛利、核心；缺少总市值数据，按中性处理；PE不可用或为负，估值可信度较低；毛利率35.2%，盈利能力良好；ROE -2.2%偏低；营收同比17.1%；利润同比11.4% | 月涨幅分位36%；换手率4.04%；成交额0.6亿；价在MA20上方,缺失
301269,华大九天,芯片智造,EDA软件,缺失,26.71037326847838,-0.6137513477647794,45.0,22.2,31.9,75.41,基本面45.0 | 短线22.2 | 中期31.9 | 赛道与标签信息一般；缺少总市值数据，按中性处理；PE不可用或为负，估值可信度较低；毛利率78.8%，盈利壁垒强；ROE -1.4%偏低；营收同比9.6%；利润同比-851.5% | 月涨幅分位83%；换手率1.20%；成交额6.1亿；价在MA20下方,缺失
688206,概伦电子,芯片智造,EDA软件,缺失,35.35853976531942,92.18807848944832,45.0,24.8,32.6,28.37,基本面45.0 | 短线24.8 | 中期32.6 | 赛道与标签信息一般；缺少总市值数据，按中性处理；PE不可用或为负，估值可信度较低；毛利率86.2%，盈利壁垒强；ROE -0.6%偏低；营收同比10.1%；利润同比-917.2% | 月涨幅分位89%；换手率1.80%；成交额2.7亿；价在MA20下方,缺失
301095,广立微,芯片智造,EDA软件,缺失,6.602768903088374,89.76303317535543,54.0,22.6,22.2,65.58,基本面54.0 | 短线22.6 | 中期22.2 | 赛道与标签信息一般；缺少总市值数据，按中性处理；PE不可用或为负，估值可信度较低；毛利率56.1%，盈利壁垒强；ROE -0.3%偏低；营收同比58.5%；利润同比21.9% | 月涨幅分位57%；换手率3.19%；成交额3.8亿；价在MA20下方,缺失
000636,风华高科,芯片智造,MLCC,缺失,-8.504150431983737,301.8601190476191,38.0,40.0,54.8,39.92,基本面38.0 | 短线40.0 | 中期54.8 | 赛道与标签信息一般；缺少总市值数据，按中性处理；PE不可用或为负，估值可信度较低；毛利率16.8%，利润垫偏薄；ROE 0.7%偏低；营收同比18.9%；利润同比37.1% | 月涨幅分位32%；换手率8.76%；成交额42.0亿；价在MA20下方,是
300408,三环集团,芯片智造,MLCC,缺失,-11.620553359683791,249.04776771776457,51.0,32.6,53.0,103.2,基本面51.0 | 短线32.6 | 中期53.0 | 赛道与标签信息一般；缺少总市值数据，按中性处理；PE不可用或为负，估值可信度较低；毛利率43.5%，盈利能力优秀；ROE 3.6%偏低；营收同比46.3%；利润同比48.5% | 月涨幅分位24%；换手率2.79%；成交额52.9亿；价在MA20下方,缺失
002484,江海科技,芯片智造,MLCC,缺失,-3.56923076923078,280.709426627794,40.0,35.3,56.0,60.73,基本面40.0 | 短线35.3 | 中期56.0 | 赛道与标签信息一般；缺少总市值数据，按中性处理；PE不可用或为负，估值可信度较低；毛利率25.9%，处于一般水平；ROE 2.5%偏低；营收同比19.5%；利润同比6.6% | 月涨幅分位41%；换手率4.67%；成交额24.9亿；价在MA20下方,缺失
301013,利和兴,PCB,MLCC,缺失,1.4743463731079265,211.52685576342787,42.0,37.2,47.4,38.49,基本面42.0 | 短线37.2 | 中期47.4 | 赛道与标签信息一般；缺少总市值数据，按中性处理；PE不可用或为负，估值可信度较低；毛利率19.6%，利润垫偏薄；ROE 0.5%偏低；营收同比117.0%；利润同比166.1% | 月涨幅分位51%；换手率11.90%；成交额8.6亿；价在MA20下方,缺失
600367,红星发展,PCB,MLCC,缺失,-28.90816518951537,147.0511140235911,33.0,19.2,43.0,23.69,基本面33.0 | 短线19.2 | 中期43.0 | 赛道与标签信息一般；缺少总市值数据，按中性处理；PE不可用或为负，估值可信度较低；毛利率23.7%，处于一般水平；ROE 1.2%偏低；营收同比-11.2%；利润同比-2.3% | 月涨幅分位3%；换手率5.41%；成交额5.3亿；价在MA20下方,缺失
000117,天利控股集团,PCB,MLCC,缺失,-49.840764331210195,1269.5652173913045,52.0,17.7,48.8,2.56,基本面52.0 | 短线17.7 | 中期48.8 | 赛道与标签信息一般；缺少总市值数据，按中性处理；PE不可用或为负，估值可信度较低；毛利率25.9%，处于一般水平；ROE 23.0%；营收同比23.9%；利润同比187.0% | 月涨幅分位1%；换手率缺失；成交额0.1亿；价在MA20下方,缺失
000894,万裕科技,PCB,MLCC,缺失,-53.7984496124031,654.0485829959514,31.0,21.3,52.7,1.76,基本面31.0 | 短线21.3 | 中期52.7 | 赛道与标签信息一般；缺少总市值数据，按中性处理；PE不可用或为负，估值可信度较低；毛利率16.6%，利润垫偏薄；ROE 0.4%偏低；营收同比2.3%；利润同比-20.1% | 月涨幅分位0%；换手率缺失；成交额0.1亿；价在MA20下方,缺失
002859,洁美科技,PCB,MLCC,材料,-3.586609989373013,299.0104452996151,46.0,27.6,51.2,59.07,基本面46.0 | 短线27.6 | 中期51.2 | 赛道与标签信息一般；缺少总市值数据，按中性处理；PE不可用或为负，估值可信度较低；毛利率32.6%，盈利能力良好；ROE 1.5%偏低；营收同比22.5%；利润同比41.6% | 月涨幅分位41%；换手率3.26%；成交额8.3亿；价在MA20下方,缺失
300285,国瓷材料,PCB,MLCC,材料,13.633942836854263,271.7189314750291,42.0,52.9,54.6,56.38,基本面42.0 | 短线52.9 | 中期54.6 | 赛道与标签信息一般；缺少总市值数据，按中性处理；PE不可用或为负，估值可信度较低；毛利率36.7%，盈利能力良好；ROE 2.0%偏低；营收同比9.1%；利润同比4.8% | 月涨幅分位69%；换手率12.70%；成交额62.9亿；价在MA20下方,是
600392,盛合资源,PCB,MLCC,氧化镝,-9.84496124031008,81.86082877247853,38.0,23.4,18.5,18.95,基本面38.0 | 短线23.4 | 中期18.5 | 赛道与标签信息一般；缺少总市值数据，按中性处理；PE不可用或为负，估值可信度较低；毛利率12.8%，利润垫偏薄；ROE 2.6%偏低；营收同比13.1%；利润同比94.5% | 月涨幅分位29%；换手率3.64%；成交额13.1亿；价在MA20下方,缺失
002885,京泉华,芯片智造,SST固态变压器,高频变压器,-18.043710021321967,122.0216606498195,38.0,18.6,21.8,23.44,基本面38.0 | 短线18.6 | 中期21.8 | 赛道与标签信息一般；缺少总市值数据，按中性处理；PE不可用或为负，估值可信度较低；毛利率14.6%，利润垫偏薄；ROE 2.0%偏低；营收同比6.1%；利润同比69.2% | 月涨幅分位16%；换手率5.08%；成交额3.1亿；价在MA20下方,缺失
002782,可立克,芯片智造,SST固态变压器,高频变压器,-27.755102040816325,25.13747054202671,31.0,5.5,6.3,10.46,基本面31.0 | 短线5.5 | 中期6.3 | 赛道与标签信息一般；缺少总市值数据，按中性处理；PE不可用或为负，估值可信度较低；毛利率12.0%，利润垫偏薄；ROE 1.1%偏低；营收同比8.9%；利润同比-63.6% | 月涨幅分位4%；换手率2.14%；成交额1.5亿；价在MA20下方,缺失
002922,伊戈尔,芯片智造,SST固态变压器,高频变压器,-22.538100820633055,71.28969539857421,40.0,27.2,8.3,22.22,基本面40.0 | 短线27.2 | 中期8.3 | 赛道与标签信息一般；缺少总市值数据，按中性处理；PE不可用或为负，估值可信度较低；毛利率19.8%，利润垫偏薄；ROE 1.8%偏低；营收同比17.7%；利润同比63.5% | 月涨幅分位12%；换手率4.10%；成交额3.7亿；价在MA20下方,缺失
601126,四方股份,芯片智造,SST固态变压器,SST整机,-23.78684132182197,220.8020050125313,46.0,19.5,24.7,37.12,基本面46.0 | 短线19.5 | 中期24.7 | 赛道与标签信息一般；缺少总市值数据，按中性处理；PE不可用或为负，估值可信度较低；毛利率31.5%，盈利能力良好；ROE 5.4%；营收同比18.1%；利润同比12.1% | 月涨幅分位8%；换手率2.83%；成交额9.9亿；价在MA20下方,缺失
601179,中国西电,芯片智造,SST固态变压器,SST整机,-7.743857036485469,105.4726368159204,38.0,65.3,36.0,12.91,基本面38.0 | 短线65.3 | 中期36.0 | 赛道与标签信息一般；缺少总市值数据，按中性处理；PE不可用或为负，估值可信度较低；毛利率23.4%，处于一般水平；ROE 1.5%偏低；营收同比5.0%；利润同比17.5% | 月涨幅分位32%；换手率7.20%；成交额51.5亿；价在MA20上方,缺失
688676,金盘科技,芯片智造,SST固态变压器,SST整机,-10.422360248447204,120.18320610687022,38.0,41.6,19.3,60.3,基本面38.0 | 短线41.6 | 中期19.3 | 赛道与标签信息一般；缺少总市值数据，按中性处理；PE不可用或为负，估值可信度较低；毛利率25.7%，处于一般水平；ROE 2.1%偏低；营收同比13.4%；利润同比4.8% | 月涨幅分位28%；换手率3.19%；成交额10.0亿；价在MA20下方,缺失
300811,铂科新材,芯片智造,SST固态变压器、电感,高频磁性材料,-5.306319343945976,139.39024390243904,46.0,21.7,31.6,59.83,基本面46.0 | 短线21.7 | 中期31.6 | 赛道与标签信息一般；缺少总市值数据，按中性处理；PE不可用或为负，估值可信度较低；毛利率37.1%，盈利能力良好；ROE 2.9%偏低；营收同比27.7%；利润同比20.0% | 月涨幅分位37%；换手率3.14%；成交额6.6亿；价在MA20下方,缺失
300666,江丰电子,芯片智造,靶材,高纯靶材龙头、产能领先,16.14856976065382,348.6821705426356,58.0,59.4,53.1,249.73,基本面58.0 | 短线59.4 | 中期53.1 | 龙头、产能领先；缺少总市值数据，按中性处理；PE不可用或为负，估值可信度较低；毛利率32.9%，盈利能力良好；ROE 4.1%偏低；营收同比30.5%；利润同比33.4% | 月涨幅分位72%；换手率7.55%；成交额38.7亿；价在MA20下方,缺失
300263,隆华科技,芯片智造,靶材,核心供应商、国产替代,-23.121761658031097,55.366492146596855,46.0,13.6,22.1,8.01,基本面46.0 | 短线13.6 | 中期22.1 | 国产替代、核心供应商、核心；缺少总市值数据，按中性处理；PE不可用或为负，估值可信度较低；毛利率18.5%，利润垫偏薄；ROE 1.6%偏低；营收同比29.7%；利润同比43.4% | 月涨幅分位10%；换手率4.03%；成交额3.5亿；价在MA20下方,缺失
300706,阿石创,芯片智造,靶材,核心供应商、国产替代,-13.45859429366736,172.2416812609457,50.0,26.1,42.0,49.15,基本面50.0 | 短线26.1 | 中期42.0 | 国产替代、核心供应商、核心；缺少总市值数据，按中性处理；PE不可用或为负，估值可信度较低；毛利率12.5%，利润垫偏薄；ROE 2.6%偏低；营收同比41.6%；利润同比572.4% | 月涨幅分位21%；换手率7.66%；成交额4.2亿；价在MA20下方,缺失
600206,有研新材,芯片智造,靶材,高纯靶材核心、技术领先,63.68596544407394,185.4122621564482,41.0,73.2,66.5,47.36,基本面41.0 | 短线73.2 | 中期66.5 | 技术领先、核心；缺少总市值数据，按中性处理；PE不可用或为负，估值可信度较低；毛利率6.4%，竞争压力较大；ROE 2.0%偏低；营收同比60.7%；利润同比31.0% | 月涨幅分位97%；换手率16.12%；成交额58.7亿；价在MA20下方,缺失
601137,博威合金,芯片智造,靶材,核心供应商、技术突破,-25.72716099959034,2.371541501976271,35.0,3.6,18.3,12.35,基本面35.0 | 短线3.6 | 中期18.3 | 技术突破、核心供应商、核心；缺少总市值数据，按中性处理；PE不可用或为负，估值可信度较低；毛利率8.1%，竞争压力较大；ROE -1.0%偏低；营收同比14.0%；利润同比-128.8% | 月涨幅分位5%；换手率1.13%；成交额1.7亿；价在MA20下方,缺失
000969,安泰科技,芯片智造,靶材、SST固态变压器,高频磁性材料、核心供应商、技术领先,-25.886232481450953,42.24683544303798,48.0,7.3,11.9,13.85,基本面48.0 | 短线7.3 | 中期11.9 | 技术领先、核心供应商、核心；缺少总市值数据，按中性处理；PE不可用或为负，估值可信度较低；毛利率17.1%，利润垫偏薄；ROE 1.7%偏低；营收同比34.8%；利润同比20.2% | 月涨幅分位4%；换手率2.00%；成交额3.3亿；价在MA20下方,缺失
688409,富创精密,芯片智造,薄膜沉积,零部件核心、技术领先,39.35714285714285,367.7794171892291,57.0,38.5,56.0,205.56,基本面57.0 | 短线38.5 | 中期56.0 | 薄膜沉积、技术领先、核心；缺少总市值数据，按中性处理；PE不可用或为负，估值可信度较低；毛利率27.1%，处于一般水平；ROE 1.3%偏低；营收同比36.8%；利润同比361.5% | 月涨幅分位91%；换手率2.39%；成交额13.7亿；价在MA20下方,缺失
688082,盛美上海,芯片智造,薄膜沉积、韬定律,电镀核心、国产替代,30.98536072999407,255.3200961624076,53.0,36.0,66.1,282.5,基本面53.0 | 短线36.0 | 中期66.1 | 薄膜沉积、国产替代、核心；缺少总市值数据，按中性处理；PE不可用或为负，估值可信度较低；毛利率45.6%，盈利能力优秀；ROE 0.8%偏低；营收同比13.1%；利润同比-57.7% | 月涨幅分位85%；换手率1.59%；成交额22.7亿；价在MA20下方,缺失
688700,东威科技,芯片智造,薄膜沉积、韬定律,缺失,-18.895599654874896,71.04237067845074,56.0,36.3,31.0,60.96,基本面56.0 | 短线36.3 | 中期31.0 | 薄膜沉积；缺少总市值数据，按中性处理；PE不可用或为负，估值可信度较低；毛利率37.3%，盈利能力良好；ROE 2.4%偏低；营收同比44.5%；利润同比160.6% | 月涨幅分位14%；换手率6.34%；成交额11.0亿；价在MA20下方,缺失
688072,拓荆科技,芯片智造,薄膜沉积、韬定律、键合,PECVD龙头、产能领先,34.62917230940812,496.20404995413816,67.0,77.7,96.9,1008.41,基本面67.0 | 短线77.7 | 中期96.9 | 薄膜沉积、龙头、产能领先；缺少总市值数据，按中性处理；PE不可用或为负，估值可信度较低；毛利率41.7%，盈利能力优秀；ROE 8.2%；营收同比57.0%；利润同比488.3% | 月涨幅分位88%；换手率3.20%；成交额70.0亿；价在MA20上方,缺失
688147,微导纳米,芯片智造,薄膜沉积、韬定律、键合,ALD核心、技术领先,40.80033876773239,348.8693891326359,48.0,46.0,70.4,111.81,基本面48.0 | 短线46.0 | 中期70.4 | 薄膜沉积、技术领先、核心；缺少总市值数据，按中性处理；PE不可用或为负，估值可信度较低；毛利率32.8%，盈利能力良好；ROE 0.7%偏低；营收同比-5.5%；利润同比-75.0% | 月涨幅分位92%；换手率1.49%；成交额8.1亿；价在MA20下方,缺失
920088,科力股份,北证50,北证50,缺失,-10.75714597425267,-0.3168413356080979,37.0,57.0,67.0,48.71,基本面37.0 | 短线57.0 | 中期67.0 | 赛道与标签信息一般；缺少总市值数据，按中性处理；PE不可用或为负，估值可信度较低；毛利率27.8%，处于一般水平；ROE 0.6%偏低；营收同比21.0%；利润同比-69.9% | 月涨幅分位27%；换手率27.60%；成交额5.0亿；价在MA20上方,缺失
920037,广信科技,北证50,北证50,缺失,-13.701527614571084,-26.086956521739136,48.0,10.2,7.8,32.72,基本面48.0 | 短线10.2 | 中期7.8 | 赛道与标签信息一般；缺少总市值数据，按中性处理；PE不可用或为负，估值可信度较低；毛利率38.9%，盈利能力良好；ROE 6.5%；营收同比29.6%；利润同比30.8% | 月涨幅分位20%；换手率1.62%；成交额0.5亿；价在MA20下方,缺失
920060,万源通,北证50,北证50,缺失,-22.96880356530683,-32.36002408187839,31.0,3.8,8.9,15.03,基本面31.0 | 短线3.8 | 中期8.9 | 赛道与标签信息一般；缺少总市值数据，按中性处理；PE不可用或为负，估值可信度较低；毛利率17.0%，利润垫偏薄；ROE 1.7%偏低；营收同比7.7%；利润同比-35.1% | 月涨幅分位11%；换手率1.42%；成交额0.3亿；价在MA20下方,缺失
920593,鼎智科技,北证50,北证50,缺失,-9.50441276306857,-27.73109243697479,46.0,7.3,12.8,17.88,基本面46.0 | 短线7.3 | 中期12.8 | 赛道与标签信息一般；缺少总市值数据，按中性处理；PE不可用或为负，估值可信度较低；毛利率44.8%，盈利能力优秀；ROE 1.0%偏低；营收同比50.9%；利润同比-44.1% | 月涨幅分位29%；换手率1.36%；成交额0.5亿；价在MA20下方,缺失
920438,戈碧迦,北证50,北证50、玻璃基板,缺失,53.92508978963573,512.5574272588055,42.0,54.0,77.1,128.13,基本面42.0 | 短线54.0 | 中期77.1 | 赛道与标签信息一般；缺少总市值数据，按中性处理；PE不可用或为负，估值可信度较低；毛利率28.9%，处于一般水平；ROE 1.2%偏低；营收同比21.4%；利润同比31.2% | 月涨幅分位96%；换手率3.94%；成交额6.7亿；价在MA20下方,缺失
920139,华岭股份,北证50,北证50、传统封测,缺失,-2.27817745803357,-39.36011904761904,33.0,38.9,16.5,12.04,基本面33.0 | 短线38.9 | 中期16.5 | 赛道与标签信息一般；缺少总市值数据，按中性处理；PE不可用或为负，估值可信度较低；毛利率10.8%，利润垫偏薄；ROE -1.2%偏低；营收同比16.1%；利润同比-30.3% | 月涨幅分位44%；换手率4.80%；成交额1.9亿；价在MA20下方,缺失
920402,硅烷科技,北证50,北证50、电子特气,缺失,-1.5370705244122984,8.899999999999997,27.0,15.5,26.6,6.41,基本面27.0 | 短线15.5 | 中期26.6 | 电子特气；缺少总市值数据，按中性处理；PE不可用或为负，估值可信度较低；毛利率-45.0%，竞争压力较大；ROE -2.3%偏低；营收同比-54.2%；利润同比-173.2% | 月涨幅分位46%；换手率3.01%；成交额0.7亿；价在MA20下方,缺失
920640,富士达,北证50,北证50、韬定律,缺失,-14.70414201183432,-2.46955345060893,44.0,17.6,6.3,21.12,基本面44.0 | 短线17.6 | 中期6.3 | 赛道与标签信息一般；缺少总市值数据，按中性处理；PE不可用或为负，估值可信度较低；毛利率30.5%，盈利能力良好；ROE 1.4%偏低；营收同比18.4%；利润同比2.2% | 月涨幅分位19%；换手率1.22%；成交额0.6亿；价在MA20下方,缺失
920368,连城数控,北证50,北证50、韬定律,缺失,-23.18796068796069,-10.774170531573311,29.0,4.3,6.0,16.53,基本面29.0 | 短线4.3 | 中期6.0 | 赛道与标签信息一般；缺少总市值数据，按中性处理；PE不可用或为负，估值可信度较低；毛利率15.8%，利润垫偏薄；ROE 0.3%偏低；营收同比-53.0%；利润同比-84.7% | 月涨幅分位9%；换手率1.44%；成交额0.7亿；价在MA20下方,缺失
920808,曙光数创,北证50,北证50、印制电路板,缺失,6.9123801809099605,32.60214333556597,31.0,14.3,23.5,48.45,基本面31.0 | 短线14.3 | 中期23.5 | 赛道与标签信息一般；缺少总市值数据，按中性处理；PE不可用或为负，估值可信度较低；毛利率3.5%，竞争压力较大；ROE -6.6%偏低；营收同比782.5%；利润同比-51.7% | 月涨幅分位58%；换手率1.01%；成交额1.3亿；价在MA20下方,缺失
603773,沃格光电,芯片智造,玻璃基板,光电玻璃龙头、技术壁垒高、产能领先、TGV龙头,-16.77195685670263,369.0838037342597,43.0,30.0,48.4,68.88,基本面43.0 | 短线30.0 | 中期48.4 | 龙头、技术壁垒高、产能领先；缺少总市值数据，按中性处理；PE不可用或为负，估值可信度较低；毛利率16.7%，利润垫偏薄；ROE -4.7%偏低；营收同比8.5%；利润同比-112.1% | 月涨幅分位16%；换手率5.93%；成交额10.8亿；价在MA20下方,缺失
600707,彩虹股份,芯片智造,玻璃基板,玻璃基板核心、国产替代、技术突破,9.68399592252802,67.86271450858035,37.0,24.0,34.4,6.98,基本面37.0 | 短线24.0 | 中期34.4 | 技术突破、国产替代、核心；缺少总市值数据，按中性处理；PE不可用或为负，估值可信度较低；毛利率15.4%，利润垫偏薄；ROE 0.0%偏低；营收同比-7.4%；利润同比-98.3% | 月涨幅分位62%；换手率2.48%；成交额7.8亿；价在MA20下方,缺失
300088,长信科技,芯片智造,玻璃基板,触控玻璃龙头、产能规模大、技术领先,2.278820375335111,30.204778156996586,34.0,29.1,32.0,5.27,基本面34.0 | 短线29.1 | 中期32.0 | 龙头、技术领先；缺少总市值数据，按中性处理；PE不可用或为负，估值可信度较低；毛利率9.5%，竞争压力较大；ROE 0.6%偏低；营收同比-11.8%；利润同比-39.9% | 月涨幅分位53%；换手率4.39%；成交额7.2亿；价在MA20下方,缺失
000012,南玻A,芯片智造,玻璃基板,浮法玻璃龙头、全产业链、产能领先,-2.500000000000002,-14.28571428571428,41.0,10.1,24.2,2.91,基本面41.0 | 短线10.1 | 中期24.2 | 龙头、产能领先、全产业链；缺少总市值数据，按中性处理；PE不可用或为负，估值可信度较低；毛利率11.0%，利润垫偏薄；ROE -0.8%偏低；营收同比-2.6%；利润同比-721.6% | 月涨幅分位43%；换手率1.05%；成交额0.8亿；价在MA20下方,缺失
000725,京东方A,芯片智造,玻璃基板,缺失,23.73188405797102,73.3502538071066,34.0,40.8,49.4,5.38,基本面34.0 | 短线40.8 | 中期49.4 | 赛道与标签信息一般；缺少总市值数据，按中性处理；PE不可用或为负，估值可信度较低；毛利率15.6%，利润垫偏薄；ROE 1.3%偏低；营收同比0.8%；利润同比5.8% | 月涨幅分位80%；换手率4.39%；成交额91.4亿；价在MA20下方,缺失
600552,凯盛科技,芯片智造,玻璃基板,缺失,5.118733509234841,78.01608579088474,36.0,31.3,32.3,13.8,基本面36.0 | 短线31.3 | 中期32.3 | 赛道与标签信息一般；缺少总市值数据，按中性处理；PE不可用或为负，估值可信度较低；毛利率18.2%，利润垫偏薄；ROE 0.7%偏低；营收同比15.1%；利润同比17.1% | 月涨幅分位56%；换手率5.91%；成交额8.8亿；价在MA20下方,缺失
300776,帝尔激光,芯片智造,玻璃基板,TGV激光,8.514289978359812,181.93098100038773,43.0,30.8,38.6,102.15,基本面43.0 | 短线30.8 | 中期38.6 | 赛道与标签信息一般；缺少总市值数据，按中性处理；PE不可用或为负，估值可信度较低；毛利率47.5%，盈利能力优秀；ROE 4.1%偏低；营收同比-24.7%；利润同比0.3% | 月涨幅分位60%；换手率4.07%；成交额8.1亿；价在MA20下方,缺失
002008,大族激光,芯片智造,玻璃基板,TGV激光,-1.5530557421087998,387.6091476091476,50.0,43.5,42.6,107.4,基本面50.0 | 短线43.5 | 中期42.6 | 赛道与标签信息一般；缺少总市值数据，按中性处理；PE不可用或为负，估值可信度较低；毛利率34.0%，盈利能力良好；ROE 1.9%偏低；营收同比74.4%；利润同比116.6% | 月涨幅分位46%；换手率3.49%；成交额34.2亿；价在MA20下方,缺失
688559,海目星,芯片智造,玻璃基板,TGV激光,-8.678435901666393,67.82898726500912,46.0,17.0,15.8,39.63,基本面46.0 | 短线17.0 | 中期15.8 | 赛道与标签信息一般；缺少总市值数据，按中性处理；PE不可用或为负，估值可信度较低；毛利率21.9%，处于一般水平；ROE 1.1%偏低；营收同比144.4%；利润同比113.4% | 月涨幅分位31%；换手率3.47%；成交额3.6亿；价在MA20下方,缺失
603893,瑞芯微,芯片智造,车规芯片,车规SoC核心、技术领先,36.440097190206224,45.03311258278146,62.0,86.9,84.4,276.4,基本面62.0 | 短线86.9 | 中期84.4 | 车规芯片、技术领先、核心；缺少总市值数据，按中性处理；PE不可用或为负，估值可信度较低；毛利率43.0%，盈利能力优秀；ROE 7.2%；营收同比36.2%；利润同比57.1% | 月涨幅分位89%；换手率7.78%；成交额73.4亿；价在MA20上方,缺失
688018,乐鑫科技,芯片智造,车规芯片,核心供应商、国产替代,12.321428571428571,26.24184646261916,59.0,30.5,23.6,104.05,基本面59.0 | 短线30.5 | 中期23.6 | 车规芯片、国产替代、核心供应商、核心；缺少总市值数据，按中性处理；PE不可用或为负，估值可信度较低；毛利率48.5%，盈利能力优秀；ROE 3.0%偏低；营收同比16.2%；利润同比44.8% | 月涨幅分位66%；换手率3.33%；成交额8.3亿；价在MA20下方,缺失
300458,全志科技,芯片智造,车规芯片,核心供应商、国产替代,31.674357284113384,21.72455819622183,65.0,85.5,83.6,51.36,基本面65.0 | 短线85.5 | 中期83.6 | 车规芯片、国产替代、核心供应商、核心；缺少总市值数据，按中性处理；PE不可用或为负，估值可信度较低；毛利率40.2%，盈利能力优秀；ROE 6.3%；营收同比47.1%；利润同比121.8% | 月涨幅分位86%；换手率14.88%；成交额50.0亿；价在MA20上方,缺失
688262,国芯科技,芯片智造,车规芯片,车规MCU核心、技术领先,20.76207620762076,52.28906545592131,46.0,26.4,13.9,19.56,基本面46.0 | 短线26.4 | 中期13.9 | 车规芯片、技术领先、核心；缺少总市值数据，按中性处理；PE不可用或为负，估值可信度较低；毛利率22.9%，处于一般水平；ROE -2.5%偏低；营收同比79.5%；利润同比-40.0% | 月涨幅分位77%；换手率3.81%；成交额3.2亿；价在MA20下方,缺失
688595,芯海科技,芯片智造,车规芯片,核心供应商、技术领先,9.799291617473438,0.0,45.0,17.3,14.8,20.48,基本面45.0 | 短线17.3 | 中期14.8 | 车规芯片、技术领先、核心供应商、核心；缺少总市值数据，按中性处理；PE不可用或为负，估值可信度较低；毛利率29.6%，处于一般水平；ROE -5.3%偏低；营收同比12.1%；利润同比-62.2% | 月涨幅分位62%；换手率2.44%；成交额0.9亿；价在MA20下方,缺失
603501,紫光国微,芯片智造,车规芯片,行业龙头、产能领先、国产替代,19.160562725264494,-19.248345414434297,45.0,28.9,28.9,80.3,基本面45.0 | 短线28.9 | 中期28.9 | 车规芯片、行业龙头、龙头、产能领先、国产替代；缺少总市值数据，按中性处理；PE不可用或为负，估值可信度较低；毛利率29.4%，处于一般水平；ROE 1.6%偏低；营收同比-0.9%；利润同比-41.9% | 月涨幅分位76%；换手率1.73%；成交额20.4亿；价在MA20下方,缺失
688107,安路科技,芯片智造,车规芯片、DSP芯片,车规FPGA核心、国产DSP核心,6.181721289634967,46.77716390423574,55.0,16.4,25.5,27.84,基本面55.0 | 短线16.4 | 中期25.5 | 车规芯片、核心；缺少总市值数据，按中性处理；PE不可用或为负，估值可信度较低；毛利率41.3%，盈利能力优秀；ROE -4.4%偏低；营收同比77.5%；利润同比32.4% | 月涨幅分位57%；换手率1.76%；成交额2.1亿；价在MA20下方,缺失
688372,伟测科技,芯片智造,传统封测,测试服务核心、技术领先,14.61903778649598,174.57543281121187,55.0,37.4,25.6,122.44,基本面55.0 | 短线37.4 | 中期25.6 | 技术领先、核心；缺少总市值数据，按中性处理；PE不可用或为负，估值可信度较低；毛利率35.0%，盈利能力良好；ROE 2.4%偏低；营收同比71.8%；利润同比173.4% | 月涨幅分位70%；换手率5.59%；成交额11.4亿；价在MA20下方,缺失
603005,晶方科技,芯片智造,传统封测,封测核心、技术突破、国产替代,0.3900536323744541,48.12949640287769,53.0,40.5,26.5,29.2,基本面53.0 | 短线40.5 | 中期26.5 | 技术突破、国产替代、核心；缺少总市值数据，按中性处理；PE不可用或为负，估值可信度较低；毛利率47.4%，盈利能力优秀；ROE 1.4%偏低；营收同比14.9%；利润同比0.1% | 月涨幅分位48%；换手率6.89%；成交额13.9亿；价在MA20下方,缺失
688362,甬矽电子,芯片智造,传统封测,封测核心、国产替代、技术领先,64.38356164383563,222.14765100671136,44.0,53.1,65.8,79.69,基本面44.0 | 短线53.1 | 中期65.8 | 技术领先、国产替代、核心；缺少总市值数据，按中性处理；PE不可用或为负，估值可信度较低；毛利率17.5%，利润垫偏薄；ROE 1.0%偏低；营收同比24.0%；利润同比8.2% | 月涨幅分位98%；换手率6.77%；成交额24.3亿；价在MA20下方,缺失
688403,汇成股份,芯片智造,传统封测,封测核心、技术突破、国产替代,28.068739770867435,201.54142581888243,39.0,43.5,51.0,21.89,基本面39.0 | 短线43.5 | 中期51.0 | 技术突破、国产替代、核心；缺少总市值数据，按中性处理；PE不可用或为负，估值可信度较低；毛利率14.5%，利润垫偏薄；ROE -0.4%偏低；营收同比9.7%；利润同比-131.6% | 月涨幅分位84%；换手率6.40%；成交额16.0亿；价在MA20下方,缺失
002185,华天科技,芯片智造,传统封测、韬定律,封测核心、技术领先、国产替代,50.249066002490665,176.40320733104238,50.0,63.5,65.7,21.04,基本面50.0 | 短线63.5 | 中期65.7 | 技术领先、国产替代、核心；缺少总市值数据，按中性处理；PE不可用或为负，估值可信度较低；毛利率11.3%，利润垫偏薄；ROE 0.5%偏低；营收同比34.5%；利润同比568.4% | 月涨幅分位95%；换手率15.85%；成交额96.4亿；价在MA20下方,缺失
002156,通富微电,芯片智造,传统封测、韬定律,封测核心、产能领先、国产替代,28.57392520097868,190.4461113304382,49.0,84.4,92.6,92.99,基本面49.0 | 短线84.4 | 中期92.6 | 产能领先、国产替代、核心；缺少总市值数据，按中性处理；PE不可用或为负，估值可信度较低；毛利率13.3%，利润垫偏薄；ROE 2.1%偏低；营收同比22.8%；利润同比224.5% | 月涨幅分位84%；换手率17.36%；成交额198.2亿；价在MA20上方,缺失
688135,利扬芯片,芯片智造,传统封测、韬定律,测试服务核心、国产替代,12.124779281930564,85.49172346640704,49.0,28.0,12.1,21.73,基本面49.0 | 短线28.0 | 中期12.1 | 国产替代、核心；缺少总市值数据，按中性处理；PE不可用或为负，估值可信度较低；毛利率27.4%，处于一般水平；ROE 0.3%偏低；营收同比27.9%；利润同比145.1% | 月涨幅分位65%；换手率5.51%；成交额2.9亿；价在MA20下方,缺失
600584,长电科技,芯片智造,传统封测、韬定律、先进封装,封测龙头、产能领先、技术标杆,43.8843695525857,195.31902206320817,46.0,61.2,74.0,90.43,基本面46.0 | 短线61.2 | 中期74.0 | 先进封装、龙头、技术标杆、产能领先；缺少总市值数据，按中性处理；PE不可用或为负，估值可信度较低；毛利率14.5%，利润垫偏薄；ROE 1.0%偏低；营收同比-1.8%；利润同比42.7% | 月涨幅分位94%；换手率9.62%；成交额142.1亿；价在MA20下方,缺失
688525,佰维存储,芯片智造,存储芯片,核心供应商、技术领先,3.6009643260398683,403.24636821820343,74.0,44.5,34.3,265.77,基本面74.0 | 短线44.5 | 中期34.3 | 存储芯片、技术领先、核心供应商、核心；缺少总市值数据，按中性处理；PE不可用或为负，估值可信度较低；毛利率53.3%，盈利壁垒强；ROE 42.0%；营收同比341.5%；利润同比1567.9% | 月涨幅分位54%；换手率6.25%；成交额71.0亿；价在MA20下方,缺失
301308,江波龙,芯片智造,存储芯片,核心供应商、技术突破,1.3886461185884214,515.7584335928284,74.0,42.0,30.2,411.6,基本面74.0 | 短线42.0 | 中期30.2 | 存储芯片、技术突破、核心供应商、核心；缺少总市值数据，按中性处理；PE不可用或为负，估值可信度较低；毛利率55.5%，盈利壁垒强；ROE 39.4%；营收同比132.8%；利润同比2644.0% | 月涨幅分位51%；换手率5.38%；成交额56.4亿；价在MA20下方,缺失
603986,兆易创新,芯片智造,存储芯片,行业龙头、产能领先、国产替代,14.399651068602392,337.8378378378378,70.0,49.8,53.3,528.43,基本面70.0 | 短线49.8 | 中期53.3 | 存储芯片、行业龙头、龙头、产能领先、国产替代；缺少总市值数据，按中性处理；PE不可用或为负，估值可信度较低；毛利率57.1%，盈利壁垒强；ROE 6.1%；营收同比119.4%；利润同比522.8% | 月涨幅分位70%；换手率7.56%；成交额228.6亿；价在MA20下方,缺失
003986,兆易创新,芯片智造,存储芯片,行业龙头、产能领先、国产替代,-8.44250363901019,缺失,70.0,34.1,47.6,636.93,基本面70.0 | 短线34.1 | 中期47.6 | 存储芯片、行业龙头、龙头、产能领先、国产替代；缺少总市值数据，按中性处理；PE不可用或为负，估值可信度较低；毛利率57.1%，盈利壁垒强；ROE 6.6%；营收同比119.4%；利润同比522.8% | 月涨幅分位32%；换手率缺失；成交额25.6亿；价在MA20下方,缺失
300042,朗科科技,芯片智造,存储芯片,核心供应商、国产替代,-7.472712006717042,121.99838839645447,58.0,24.5,28.2,42.93,基本面58.0 | 短线24.5 | 中期28.2 | 存储芯片、国产替代、核心供应商、核心；缺少总市值数据，按中性处理；PE不可用或为负，估值可信度较低；毛利率25.2%，处于一般水平；ROE 7.5%；营收同比107.8%；利润同比744.4% | 月涨幅分位34%；换手率5.45%；成交额4.6亿；价在MA20下方,缺失
000021,深科技,芯片智造,存储芯片,存储连接芯片、核心供应商、国产替代,40.52305203558908,183.41489940184883,46.0,64.6,52.0,44.17,基本面46.0 | 短线64.6 | 中期52.0 | 存储芯片、国产替代、核心供应商、核心；缺少总市值数据，按中性处理；PE不可用或为负，估值可信度较低；毛利率17.1%，利润垫偏薄；ROE 1.8%偏低；营收同比10.7%；利润同比35.3% | 月涨幅分位92%；换手率13.32%；成交额85.9亿；价在MA20下方,缺失
688008,澜起科技,芯片智造,存储芯片,内存接口龙头、技术标杆,12.411063678406254,215.8295852073963,68.0,63.8,55.9,274.67,基本面68.0 | 短线63.8 | 中期55.9 | 存储芯片、龙头、技术标杆；缺少总市值数据，按中性处理；PE不可用或为负，估值可信度较低；毛利率69.8%，盈利壁垒强；ROE 5.4%；营收同比19.5%；利润同比61.3% | 月涨幅分位66%；换手率5.19%；成交额137.9亿；价在MA20下方,是
006809,澜起科技,芯片智造,存储芯片,内存接口龙头、技术标杆,-8.878278441319342,缺失,68.0,50.1,33.0,368.9,基本面68.0 | 短线50.1 | 中期33.0 | 存储芯片、龙头、技术标杆；缺少总市值数据，按中性处理；PE不可用或为负，估值可信度较低；毛利率69.8%，盈利壁垒强；ROE 5.0%；营收同比19.5%；利润同比61.3% | 月涨幅分位30%；换手率缺失；成交额19.5亿；价在MA20下方,缺失
688627,精智达,芯片智造,存储芯片,存储测试,37.42788867701368,530.3000110705193,55.0,48.5,69.2,562.57,基本面55.0 | 短线48.5 | 中期69.2 | 存储芯片；缺少总市值数据，按中性处理；PE不可用或为负，估值可信度较低；毛利率43.2%，盈利能力优秀；ROE 0.8%偏低；营收同比118.8%；利润同比189.7% | 月涨幅分位90%；换手率5.57%；成交额25.7亿；价在MA20下方,缺失
688123,聚辰股份,芯片智造,存储芯片,SPD芯片,52.25084355197103,132.52890899949722,44.0,52.3,34.7,111.18,基本面44.0 | 短线52.3 | 中期34.7 | 存储芯片；缺少总市值数据，按中性处理；PE不可用或为负，估值可信度较低；毛利率48.9%，盈利能力优秀；ROE 1.2%偏低；营收同比7.3%；利润同比-69.0% | 月涨幅分位96%；换手率6.89%；成交额13.8亿；价在MA20下方,缺失
301666,大普微,芯片智造,存储芯片,缺失,-10.140413495858311,缺失,60.0,37.2,36.3,518.88,基本面60.0 | 短线37.2 | 中期36.3 | 存储芯片；缺少总市值数据，按中性处理；PE不可用或为负，估值可信度较低；毛利率37.6%，盈利能力良好；ROE 60.7%；营收同比341.0%；利润同比398.9% | 月涨幅分位28%；换手率10.31%；成交额13.4亿；价在MA20下方,缺失
600667,太极实业,芯片智造,存储芯片,存储封测、SK海力士,38.766788766788785,249.1551459293395,30.0,59.2,53.6,15.49,基本面30.0 | 短线59.2 | 中期53.6 | 存储芯片；缺少总市值数据，按中性处理；PE不可用或为负，估值可信度较低；毛利率6.9%，竞争压力较大；ROE 1.5%偏低；营收同比-0.9%；利润同比9.5% | 月涨幅分位91%；换手率11.70%；成交额40.1亿；价在MA20下方,是
605358,立昂微,芯片智造,大硅片,8英寸核心、国产替代,-13.16187594553706,148.48484848484844,45.0,26.5,30.3,41.24,基本面45.0 | 短线26.5 | 中期30.3 | 国产替代、核心；缺少总市值数据，按中性处理；PE不可用或为负，估值可信度较低；毛利率15.6%，利润垫偏薄；ROE 0.1%偏低；营收同比21.8%；利润同比108.9% | 月涨幅分位21%；换手率4.67%；成交额15.3亿；价在MA20下方,缺失
688432,有研硅,芯片智造,大硅片,核心供应商、技术领先,134.36754176610978,349.6336996336996,49.0,47.8,69.7,35.07,基本面49.0 | 短线47.8 | 中期69.7 | 技术领先、核心供应商、核心；缺少总市值数据，按中性处理；PE不可用或为负，估值可信度较低；毛利率31.6%，盈利能力良好；ROE 1.1%偏低；营收同比18.0%；利润同比-1.2% | 月涨幅分位100%；换手率4.35%；成交额21.1亿；价在MA20下方,缺失
688126,沪硅产业,芯片智造,大硅片,12英寸龙头、产能领先,21.189591078066904,93.94267171444028,41.0,33.6,45.6,22.08,基本面41.0 | 短线33.6 | 中期45.6 | 龙头、产能领先；缺少总市值数据，按中性处理；PE不可用或为负，估值可信度较低；毛利率-11.8%，竞争压力较大；ROE -2.9%偏低；营收同比35.2%；利润同比-131.7% | 月涨幅分位78%；换手率3.00%；成交额22.1亿；价在MA20下方,缺失
688584,上海合晶,芯片智造,大硅片,核心供应商、技术突破,69.60029336266959,161.5950226244344,41.0,44.6,48.3,25.51,基本面41.0 | 短线44.6 | 中期48.3 | 技术突破、核心供应商、核心；缺少总市值数据，按中性处理；PE不可用或为负，估值可信度较低；毛利率28.1%，处于一般水平；ROE 0.3%偏低；营收同比-0.0%；利润同比-34.7% | 月涨幅分位99%；换手率7.09%；成交额7.3亿；价在MA20下方,缺失
688783,西安奕材,芯片智造,大硅片,核心供应商、国产替代,6.989473684210523,缺失,35.0,34.5,49.4,29.02,基本面35.0 | 短线34.5 | 中期49.4 | 国产替代、核心供应商、核心；缺少总市值数据，按中性处理；PE不可用或为负，估值可信度较低；毛利率2.6%，竞争压力较大；ROE -1.3%偏低；营收同比10.6%；利润同比-9.3% | 月涨幅分位58%；换手率8.72%；成交额5.6亿；价在MA20下方,缺失
002129,TCL中环,芯片智造,大硅片,行业龙头、产能领先、技术突破,5.110220440881763,40.6166219839142,42.0,21.4,36.0,7.66,基本面42.0 | 短线21.4 | 中期36.0 | 行业龙头、龙头、产能领先、技术突破；缺少总市值数据，按中性处理；PE不可用或为负，估值可信度较低；毛利率-8.6%，竞争压力较大；ROE -7.8%偏低；营收同比7.3%；利润同比13.6% | 月涨幅分位55%；换手率2.25%；成交额7.8亿；价在MA20下方,缺失
002138,顺络电子,PCB,电感,缺失,-12.873931623931622,81.55844155844156,41.0,30.3,39.8,35.31,基本面41.0 | 短线30.3 | 中期39.8 | 赛道与标签信息一般；缺少总市值数据，按中性处理；PE不可用或为负，估值可信度较低；毛利率32.5%，盈利能力良好；ROE 2.6%偏低；营收同比15.3%；利润同比-23.7% | 月涨幅分位22%；换手率3.93%；成交额12.5亿；价在MA20下方,缺失
300319,麦捷科技,PCB,电感,缺失,-3.728294177732361,76.99530516431925,31.0,31.2,36.4,11.84,基本面31.0 | 短线31.2 | 中期36.4 | 赛道与标签信息一般；缺少总市值数据，按中性处理；PE不可用或为负，估值可信度较低；毛利率15.4%，利润垫偏薄；ROE 1.0%偏低；营收同比10.7%；利润同比-24.4% | 月涨幅分位40%；换手率7.84%；成交额10.0亿；价在MA20下方,缺失
002902,铭普光磁,PCB,电感,缺失,-22.79367011564212,23.5752557233317,42.0,26.4,20.0,20.98,基本面42.0 | 短线26.4 | 中期20.0 | 赛道与标签信息一般；缺少总市值数据，按中性处理；PE不可用或为负，估值可信度较低；毛利率15.7%，利润垫偏薄；ROE -3.6%偏低；营收同比34.9%；利润同比51.3% | 月涨幅分位12%；换手率7.43%；成交额2.9亿；价在MA20下方,缺失
301323,新莱福,PCB,电感,缺失,-28.695317016766243,70.90069284064666,48.0,33.7,44.6,73.96,基本面48.0 | 短线33.7 | 中期44.6 | 赛道与标签信息一般；缺少总市值数据，按中性处理；PE不可用或为负，估值可信度较低；毛利率33.1%，盈利能力良好；ROE 1.8%偏低；营收同比32.9%；利润同比33.7% | 月涨幅分位3%；换手率3.31%；成交额1.7亿；价在MA20下方,缺失
603256,宏和科技,PCB,电子布,电子布龙头,-9.086536148924909,1172.7272727272727,64.0,26.0,52.0,159.91,基本面64.0 | 短线26.0 | 中期52.0 | 龙头；缺少总市值数据，按中性处理；PE不可用或为负，估值可信度较低；毛利率55.7%，盈利壁垒强；ROE 8.2%；营收同比79.7%；利润同比354.2% | 月涨幅分位30%；换手率1.34%；成交额17.4亿；价在MA20下方,缺失
002080,中材科技,PCB,电子布,缺失,7.622739018087854,264.1530054644809,42.0,30.9,32.8,44.81,基本面42.0 | 短线30.9 | 中期32.8 | 赛道与标签信息一般；缺少总市值数据，按中性处理；PE不可用或为负，估值可信度较低；毛利率20.9%，处于一般水平；ROE 2.5%偏低；营收同比24.5%；利润同比40.1% | 月涨幅分位59%；换手率2.16%；成交额17.5亿；价在MA20下方,缺失
300395,菲利华,PCB,电子布,Q布,-17.287166988822587,104.1908713692946,54.0,19.4,19.5,73.68,基本面54.0 | 短线19.4 | 中期19.5 | 赛道与标签信息一般；缺少总市值数据，按中性处理；PE不可用或为负，估值可信度较低；毛利率50.7%，盈利壁垒强；ROE 3.1%偏低；营收同比53.0%；利润同比36.8% | 月涨幅分位16%；换手率3.01%；成交额12.1亿；价在MA20下方,缺失
600176,中国巨石,PCB,电子布,缺失,20.475847152126892,353.6651583710407,48.0,42.9,47.9,39.51,基本面48.0 | 短线42.9 | 中期47.9 | 赛道与标签信息一般；缺少总市值数据，按中性处理；PE不可用或为负，估值可信度较低；毛利率39.6%，盈利能力良好；ROE 4.0%偏低；营收同比17.9%；利润同比73.5% | 月涨幅分位76%；换手率3.73%；成交额55.7亿；价在MA20下方,缺失
605006,山东玻纤,PCB,电子布,缺失,-25.546381738708114,128.80597014925374,38.0,13.1,33.4,11.05,基本面38.0 | 短线13.1 | 中期33.4 | 赛道与标签信息一般；缺少总市值数据，按中性处理；PE不可用或为负，估值可信度较低；毛利率14.5%，利润垫偏薄；ROE 0.4%偏低；营收同比39.1%；利润同比15.4% | 月涨幅分位6%；换手率3.33%；成交额2.8亿；价在MA20下方,缺失
688146,中船特气,芯片智造,电子特气,行业核心、国产替代,-2.461403438784049,771.6577540106952,59.0,62.3,70.9,287.86,基本面59.0 | 短线62.3 | 中期70.9 | 电子特气、国产替代、核心；缺少总市值数据，按中性处理；PE不可用或为负，估值可信度较低；毛利率31.8%，盈利能力良好；ROE 5.9%；营收同比83.1%；利润同比95.6% | 月涨幅分位44%；换手率16.56%；成交额57.1亿；价在MA20下方,缺失
688268,华特气体,芯片智造,电子特气,行业龙头、产能领先,10.656173561629268,335.4467461812095,51.0,39.7,42.7,133.13,基本面51.0 | 短线39.7 | 中期42.7 | 电子特气、行业龙头、龙头、产能领先；缺少总市值数据，按中性处理；PE不可用或为负，估值可信度较低；毛利率30.2%，盈利能力良好；ROE 1.7%偏低；营收同比13.7%；利润同比-23.7% | 月涨幅分位63%；换手率6.18%；成交额11.9亿；价在MA20下方,缺失
688106,金宏气体,芯片智造,电子特气,行业核心、技术领先,33.04934327298543,115.27857553130386,42.0,47.9,37.8,26.02,基本面42.0 | 短线47.9 | 中期37.8 | 电子特气、技术领先、核心；缺少总市值数据，按中性处理；PE不可用或为负，估值可信度较低；毛利率28.1%，处于一般水平；ROE 0.1%偏低；营收同比6.5%；利润同比-88.9% | 月涨幅分位87%；换手率6.51%；成交额10.6亿；价在MA20下方,缺失
002549,凯美特气,芯片智造,电子特气,行业核心、国产替代,3.0547550432276527,91.63987138263666,44.0,32.0,7.0,10.3,基本面44.0 | 短线32.0 | 中期7.0 | 电子特气、国产替代、核心；缺少总市值数据，按中性处理；PE不可用或为负，估值可信度较低；毛利率30.9%，盈利能力良好；ROE 0.5%偏低；营收同比-5.6%；利润同比-66.2% | 月涨幅分位54%；换手率4.10%；成交额3.7亿；价在MA20下方,缺失
600378,昊华科技,芯片智造,电子特气,缺失,-4.479440069991247,104.68691413573303,48.0,31.2,45.1,45.23,基本面48.0 | 短线31.2 | 中期45.1 | 电子特气；缺少总市值数据，按中性处理；PE不可用或为负，估值可信度较低；毛利率24.0%，处于一般水平；ROE 1.7%偏低；营收同比34.0%；利润同比66.7% | 月涨幅分位40%；换手率4.98%；成交额23.8亿；价在MA20下方,缺失
002971,和远气体,芯片智造,电子特气,缺失,-16.761510605276776,114.3428063943162,37.0,26.1,36.6,30.39,基本面37.0 | 短线26.1 | 中期36.6 | 电子特气；缺少总市值数据，按中性处理；PE不可用或为负，估值可信度较低；毛利率20.1%，处于一般水平；ROE 1.1%偏低；营收同比10.5%；利润同比-28.4% | 月涨幅分位17%；换手率11.34%；成交额6.9亿；价在MA20下方,缺失
688549,中巨芯,芯片智造,电子特气,缺失,12.676056338028152,265.53524804177545,44.0,54.8,67.8,26.01,基本面44.0 | 短线54.8 | 中期67.8 | 电子特气；缺少总市值数据，按中性处理；PE不可用或为负，估值可信度较低；毛利率15.7%，利润垫偏薄；ROE 0.2%偏低；营收同比35.3%；利润同比638.7% | 月涨幅分位67%；换手率18.91%；成交额26.5亿；价在MA20下方,缺失
000988,华工科技,光模块,高速光模块,全能龙头、NPO落地、国资背景、协同布局,2.138931196609506,233.49189189189192,54.0,36.0,32.2,112.24,基本面54.0 | 短线36.0 | 中期32.2 | 高速光模块、龙头、国资背景；缺少总市值数据，按中性处理；PE不可用或为负，估值可信度较低；毛利率19.8%，利润垫偏薄；ROE 5.6%；营收同比27.1%；利润同比55.8% | 月涨幅分位52%；换手率3.74%；成交额41.1亿；价在MA20下方,缺失
002384,东山精密,光模块,高速光模块、CPO光引擎、PCB,体量最大、光芯片布局、CPO配套、产能领先,8.802574120891737,529.8563065460352,56.0,45.6,55.2,220.05,基本面56.0 | 短线45.6 | 中期55.2 | CPO光引擎、高速光模块、PCB、产能领先；缺少总市值数据，按中性处理；PE不可用或为负，估值可信度较低；毛利率19.3%，利润垫偏薄；ROE 5.0%；营收同比52.7%；利润同比143.5% | 月涨幅分位60%；换手率5.25%；成交额146.1亿；价在MA20下方,缺失
603083,剑桥科技,光模块,高速光模块、LPO模块,弹性龙头、业绩高增、北美订单、资金关注,1.2732936226023115,290.8055672711936,58.0,46.4,48.1,183.28,基本面58.0 | 短线46.4 | 中期48.1 | 高速光模块、龙头；缺少总市值数据，按中性处理；PE不可用或为负，估值可信度较低；毛利率29.3%，处于一般水平；ROE 1.6%偏低；营收同比44.0%；利润同比276.4% | 月涨幅分位50%；换手率5.40%；成交额25.2亿；价在MA20下方,缺失
006166,剑桥科技,光模块,高速光模块、LPO模块,弹性龙头、业绩高增、北美订单、资金关注,-12.807463952502127,缺失,58.0,21.0,19.5,84.49,基本面58.0 | 短线21.0 | 中期19.5 | 高速光模块、龙头；缺少总市值数据，按中性处理；PE不可用或为负，估值可信度较低；毛利率29.3%，处于一般水平；ROE 1.6%偏低；营收同比44.0%；利润同比276.4% | 月涨幅分位22%；换手率缺失；成交额5.1亿；价在MA20下方,缺失
300502,新易盛,光模块,高速光模块、LPO模块、硅光模块,全球第二、北美核心、LPO标杆、高毛利,1.1925917150416687,483.2479799704108,69.0,39.3,59.8,547.45,基本面69.0 | 短线39.3 | 中期59.8 | 高速光模块、硅光模块、高毛利、核心；缺少总市值数据，按中性处理；PE不可用或为负，估值可信度较低；毛利率49.2%，盈利能力优秀；ROE 14.5%；营收同比105.8%；利润同比76.8% | 月涨幅分位49%；换手率2.69%；成交额163.2亿；价在MA20下方,缺失
600498,烽火通信,光模块,高速光模块、光纤光缆,央企龙头、电信核心、全产业链、技术储备,-18.78768644874643,148.44660194174756,47.0,26.0,18.4,29.46,基本面47.0 | 短线26.0 | 中期18.4 | 高速光模块、光纤光缆、龙头、全产业链、核心；缺少总市值数据，按中性处理；PE不可用或为负，估值可信度较低；毛利率26.4%，处于一般水平；ROE 0.2%偏低；营收同比11.4%；利润同比-30.4% | 月涨幅分位15%；换手率4.61%；成交额21.7亿；价在MA20下方,缺失
300548,博创科技,光模块,高速光模块、硅光模块,二线弹性、双轨布局、海外拓展、小而美,-7.603254067584475,224.81143934632303,60.0,29.3,23.6,161.57,基本面60.0 | 短线29.3 | 中期23.6 | 高速光模块、硅光模块、海外拓展；缺少总市值数据，按中性处理；PE不可用或为负，估值可信度较低；毛利率49.2%，盈利能力优秀；ROE 6.4%；营收同比24.5%；利润同比45.0% | 月涨幅分位33%；换手率3.64%；成交额17.6亿；价在MA20下方,缺失
300308,中际旭创,光模块,高速光模块、硅光模块、LPO模块、CPO光引擎,全球龙头、英伟达核心、技术标杆、机构重仓,-3.5683202785030455,702.3752625099572,71.0,41.0,59.4,1212.7,基本面71.0 | 短线41.0 | 中期59.4 | CPO光引擎、高速光模块、硅光模块、全球龙头、龙头、技术标杆、机构重仓、核心；缺少总市值数据，按中性处理；PE不可用或为负，估值可信度较低；毛利率46.1%，盈利能力优秀；ROE 17.5%；营收同比192.1%；利润同比262.3% | 月涨幅分位42%；换手率1.95%；成交额229.4亿；价在MA20下方,缺失
688498,源杰科技,光模块,高速光芯片,光芯片龙头、EML量产、技术壁垒、国产核心、CW光源,13.584902964978829,1193.3712891419275,70.0,42.4,61.8,1615.46,基本面70.0 | 短线42.4 | 中期61.8 | 高速光芯片、龙头、核心；缺少总市值数据，按中性处理；PE不可用或为负，估值可信度较低；毛利率77.8%，盈利壁垒强；ROE 7.4%；营收同比320.9%；利润同比1153.1% | 月涨幅分位68%；换手率3.32%；成交额57.9亿；价在MA20下方,缺失
688048,长光华芯,光模块,高速光芯片,激光芯片龙头、技术研发、机构重仓、储备充足,20.7387468221923,621.5192135835567,62.0,46.6,37.8,316.29,基本面62.0 | 短线46.6 | 中期37.8 | 高速光芯片、龙头、机构重仓；缺少总市值数据，按中性处理；PE不可用或为负，估值可信度较低；毛利率30.1%，盈利能力良好；ROE 0.1%偏低；营收同比37.8%；利润同比159.7% | 月涨幅分位77%；换手率5.62%；成交额29.2亿；价在MA20下方,缺失
603031,安孚科技,光模块,高速光芯片,缺失,-0.1770607908715304,153.44655344655345,56.0,32.8,30.2,38.82,基本面56.0 | 短线32.8 | 中期30.2 | 高速光芯片；缺少总市值数据，按中性处理；PE不可用或为负，估值可信度较低；毛利率52.3%，盈利壁垒强；ROE 4.8%偏低；营收同比-3.4%；利润同比87.8% | 月涨幅分位48%；换手率6.89%；成交额8.1亿；价在MA20下方,缺失
300620,光库科技,光模块,高速光芯片、光材料,薄膜铌酸锂、全产业链、DFB量产、技术储备、高弹性,-5.288932419196868,538.7355508374617,60.0,34.5,35.1,244.3,基本面60.0 | 短线34.5 | 中期35.1 | 高速光芯片、全产业链；缺少总市值数据，按中性处理；PE不可用或为负，估值可信度较低；毛利率36.6%，盈利能力良好；ROE 2.0%偏低；营收同比60.8%；利润同比312.5% | 月涨幅分位38%；换手率4.03%；成交额23.3亿；价在MA20下方,缺失
300373,扬杰科技,芯片智造,功率半导体,行业核心、国产替代、技术领先,17.201075713694646,123.80011850681414,56.0,30.8,41.0,91.89,基本面56.0 | 短线30.8 | 中期41.0 | 技术领先、国产替代、核心；缺少总市值数据，按中性处理；PE不可用或为负，估值可信度较低；毛利率36.8%，盈利能力良好；ROE 4.0%偏低；营收同比34.9%；利润同比41.0% | 月涨幅分位73%；换手率2.62%；成交额12.9亿；价在MA20下方,缺失
605111,新洁能,芯片智造,功率半导体,行业核心、MOSFET龙头、国产替代,13.282828282828296,120.9126723571898,48.0,46.2,48.5,49.88,基本面48.0 | 短线46.2 | 中期48.5 | 龙头、国产替代、核心；缺少总市值数据，按中性处理；PE不可用或为负，估值可信度较低；毛利率28.7%，处于一般水平；ROE 2.2%偏低；营收同比15.1%；利润同比-12.7% | 月涨幅分位68%；换手率4.95%；成交额11.4亿；价在MA20下方,缺失
688396,华润微,芯片智造,功率半导体,行业核心、产能领先、技术领先,27.715602369980253,67.24137931034481,53.0,27.5,36.7,62.22,基本面53.0 | 短线27.5 | 中期36.7 | 产能领先、技术领先、核心；缺少总市值数据，按中性处理；PE不可用或为负，估值可信度较低；毛利率25.5%，处于一般水平；ROE 1.4%偏低；营收同比21.3%；利润同比296.6% | 月涨幅分位83%；换手率1.39%；成交额11.2亿；价在MA20下方,缺失
600460,士兰微,芯片智造,功率半导体,行业核心、IDM龙头、国产替代,30.419906687402797,69.75708502024291,49.0,37.3,35.8,31.22,基本面49.0 | 短线37.3 | 中期35.8 | 龙头、国产替代、核心；缺少总市值数据，按中性处理；PE不可用或为负，估值可信度较低；毛利率19.8%，利润垫偏薄；ROE 1.7%偏低；营收同比17.3%；利润同比40.6% | 月涨幅分位85%；换手率4.23%；成交额22.5亿；价在MA20下方,缺失
600745,闻泰科技,芯片智造,功率半导体,行业核心、国产替代、IDM龙头,21.543778801843327,-35.1965601965602,44.0,28.4,6.9,13.13,基本面44.0 | 短线28.4 | 中期6.9 | 龙头、国产替代、核心；缺少总市值数据，按中性处理；PE不可用或为负，估值可信度较低；毛利率27.9%，处于一般水平；ROE -0.8%偏低；营收同比-93.8%；利润同比-172.4% | 月涨幅分位78%；换手率3.29%；成交额7.1亿；价在MA20下方,缺失
003031,中瓷电子,芯片智造,功率半导体,缺失,-8.749999999999991,172.50103691414353,50.0,19.3,30.1,105.38,基本面50.0 | 短线19.3 | 中期30.1 | 赛道与标签信息一般；缺少总市值数据，按中性处理；PE不可用或为负，估值可信度较低；毛利率30.5%，盈利能力良好；ROE 3.0%偏低；营收同比79.0%；利润同比57.3% | 月涨幅分位31%；换手率2.01%；成交额7.3亿；价在MA20下方,缺失
603290,斯达半导,芯片智造,功率半导体、SST固态变压器,IGBT龙头、产能领先、国产替代,7.795079701465024,45.49185424698421,45.0,19.4,17.2,66.27,基本面45.0 | 短线19.4 | 中期17.2 | 龙头、产能领先、国产替代；缺少总市值数据，按中性处理；PE不可用或为负，估值可信度较低；毛利率21.1%，处于一般水平；ROE 0.4%偏低；营收同比-6.0%；利润同比-74.3% | 月涨幅分位59%；换手率2.02%；成交额4.1亿；价在MA20下方,缺失
688261,东微半导,芯片智造,功率半导体、SST固态变压器,行业核心、技术突破、国产替代,21.71790473677264,127.94662713120832,37.0,43.6,28.1,57.64,基本面37.0 | 短线43.6 | 中期28.1 | 技术突破、国产替代、核心；缺少总市值数据，按中性处理；PE不可用或为负，估值可信度较低；毛利率16.7%，利润垫偏薄；ROE 0.2%偏低；营收同比-1.1%；利润同比-28.8% | 月涨幅分位79%；换手率4.63%；成交额4.1亿；价在MA20下方,缺失
600330,天通股份,光模块,光材料,薄膜铌酸锂,-23.858407079646017,202.53164556962025,35.0,24.0,25.7,14.31,基本面35.0 | 短线24.0 | 中期25.7 | 赛道与标签信息一般；缺少总市值数据，按中性处理；PE不可用或为负，估值可信度较低；毛利率20.0%，处于一般水平；ROE -0.5%偏低；营收同比12.7%；利润同比-187.2% | 月涨幅分位8%；换手率4.71%；成交额10.8亿；价在MA20下方,缺失
002428,云南锗业,光模块,光材料,磷化铟,-2.1897018970189697,382.2554783538215,37.0,57.1,49.4,69.02,基本面37.0 | 短线57.1 | 中期49.4 | 赛道与标签信息一般；缺少总市值数据，按中性处理；PE不可用或为负，估值可信度较低；毛利率20.3%，处于一般水平；ROE 0.6%偏低；营收同比20.3%；利润同比-10.7% | 月涨幅分位45%；换手率12.10%；成交额62.5亿；价在MA20下方,缺失
603650,彤程新材,芯片智造,光刻胶,KrF核心、技术领先,33.97274103987886,156.26005793369814,48.0,32.9,45.1,60.75,基本面48.0 | 短线32.9 | 中期45.1 | 光刻胶、技术领先、核心；缺少总市值数据，按中性处理；PE不可用或为负，估值可信度较低；毛利率22.2%，处于一般水平；ROE 4.3%偏低；营收同比22.5%；利润同比13.8% | 月涨幅分位88%；换手率2.47%；成交额9.7亿；价在MA20下方,缺失
300576,容大感光,芯片智造,光刻胶,核心供应商、技术领先,-19.82300884955752,13.49827748199186,50.0,19.2,14.7,21.55,基本面50.0 | 短线19.2 | 中期14.7 | 光刻胶、技术领先、核心供应商、核心；缺少总市值数据，按中性处理；PE不可用或为负，估值可信度较低；毛利率35.5%，盈利能力良好；ROE 1.6%偏低；营收同比12.1%；利润同比-22.4% | 月涨幅分位13%；换手率6.70%；成交额4.7亿；价在MA20下方,缺失
300537,广信材料,芯片智造,光刻胶,核心供应商、技术突破,-12.403993855606766,2.6552655265526637,50.0,15.6,14.0,13.77,基本面50.0 | 短线15.6 | 中期14.0 | 光刻胶、技术突破、核心供应商、核心；缺少总市值数据，按中性处理；PE不可用或为负，估值可信度较低；毛利率33.4%，盈利能力良好；ROE 0.8%偏低；营收同比7.0%；利润同比-23.2% | 月涨幅分位23%；换手率4.96%；成交额1.3亿；价在MA20下方,缺失
300655,晶瑞电材,芯片智造,光刻胶,核心供应商、国产替代,10.99267155229846,85.73021181716834,46.0,39.9,26.6,10.14,基本面46.0 | 短线39.9 | 中期26.6 | 光刻胶、国产替代、核心供应商、核心；缺少总市值数据，按中性处理；PE不可用或为负，估值可信度较低；毛利率21.4%，处于一般水平；ROE 0.2%偏低；营收同比13.4%；利润同比-84.6% | 月涨幅分位64%；换手率5.82%；成交额7.8亿；价在MA20下方,缺失
300236,上海新阳,芯片智造,光刻胶、CMP设备,g线核心、国产替代、CMP清洗液,18.405933354225425,202.83195297889392,63.0,32.9,38.2,93.06,基本面63.0 | 短线32.9 | 中期38.2 | CMP设备、光刻胶、国产替代、核心；缺少总市值数据，按中性处理；PE不可用或为负，估值可信度较低；毛利率42.2%，盈利能力优秀；ROE 1.9%偏低；营收同比33.0%；利润同比102.6% | 月涨幅分位75%；换手率3.32%；成交额8.0亿；价在MA20下方,缺失
300346,南大光电,芯片智造,光刻胶、电子特气,ArF龙头、产能领先,18.11752820340125,127.98180045498864,59.0,41.5,36.6,55.31,基本面59.0 | 短线41.5 | 中期36.6 | 电子特气、光刻胶、龙头、产能领先；缺少总市值数据，按中性处理；PE不可用或为负，估值可信度较低；毛利率41.9%，盈利能力优秀；ROE 3.5%偏低；营收同比5.5%；利润同比30.0% | 月涨幅分位74%；换手率6.72%；成交额24.0亿；价在MA20下方,缺失
688720,艾森股份,芯片智造,光刻胶、湿电子化学品,缺失,41.68752761007215,219.98669770535415,45.0,41.2,45.2,65.21,基本面45.0 | 短线41.2 | 中期45.2 | 光刻胶；缺少总市值数据，按中性处理；PE不可用或为负，估值可信度较低；毛利率27.7%，处于一般水平；ROE 0.9%偏低；营收同比28.1%；利润同比24.5% | 月涨幅分位93%；换手率7.49%；成交额3.9亿；价在MA20下方,缺失
688545,兴福电子,芯片智造,光刻胶、湿电子化学品,缺失,-2.3796296296296204,288.61039439734617,47.0,32.9,51.8,75.62,基本面47.0 | 短线32.9 | 中期51.8 | 光刻胶；缺少总市值数据，按中性处理；PE不可用或为负，估值可信度较低；毛利率26.5%，处于一般水平；ROE 2.1%偏低；营收同比36.7%；利润同比20.2% | 月涨幅分位44%；换手率5.85%；成交额8.0亿；价在MA20下方,缺失
688502,茂莱光学,芯片智造,光刻设备,光学核心、技术壁垒高,28.78752017213555,117.2164761386318,56.0,27.3,26.7,308.01,基本面56.0 | 短线27.3 | 中期26.7 | 光刻设备、技术壁垒高、核心；缺少总市值数据，按中性处理；PE不可用或为负，估值可信度较低；毛利率40.4%，盈利能力优秀；ROE -0.9%偏低；营收同比28.6%；利润同比-166.8% | 月涨幅分位84%；换手率2.28%；成交额4.4亿；价在MA20下方,缺失
300331,苏大维格,芯片智造,光刻设备,掩膜核心、国产替代,-11.10605370960399,170.9990749306198,55.0,35.8,24.7,43.59,基本面55.0 | 短线35.8 | 中期24.7 | 光刻设备、国产替代、核心；缺少总市值数据，按中性处理；PE不可用或为负，估值可信度较低；毛利率27.1%，处于一般水平；ROE 2.0%偏低；营收同比15.0%；利润同比73.2% | 月涨幅分位25%；换手率7.21%；成交额6.8亿；价在MA20下方,缺失
603297,永新光学,芯片智造,光刻设备,镜头核心、配套龙头,-4.491197939029634,31.01660973023912,53.0,9.9,18.7,72.92,基本面53.0 | 短线9.9 | 中期18.7 | 光刻设备、龙头、核心；缺少总市值数据，按中性处理；PE不可用或为负，估值可信度较低；毛利率36.8%，盈利能力良好；ROE 2.2%偏低；营收同比20.1%；利润同比-17.1% | 月涨幅分位39%；换手率0.67%；成交额0.7亿；价在MA20下方,缺失
688138,清溢光电,芯片智造,光刻设备,配套核心、技术领先,26.560726447219075,67.85848701543094,53.0,23.3,32.3,27.81,基本面53.0 | 短线23.3 | 中期32.3 | 光刻设备、技术领先、核心；缺少总市值数据，按中性处理；PE不可用或为负，估值可信度较低；毛利率31.3%，盈利能力良好；ROE 2.0%偏低；营收同比10.7%；利润同比7.6% | 月涨幅分位82%；换手率2.37%；成交额2.2亿；价在MA20下方,缺失
002222,福晶科技,芯片智造,光刻设备、光材料,晶体龙头、产能领先,-21.238643917571466,117.33414857841638,63.0,18.6,16.8,54.42,基本面63.0 | 短线18.6 | 中期16.8 | 光刻设备、龙头、产能领先；缺少总市值数据，按中性处理；PE不可用或为负，估值可信度较低；毛利率44.9%，盈利能力优秀；ROE 3.6%偏低；营收同比35.6%；利润同比30.7% | 月涨幅分位13%；换手率3.32%；成交额8.8亿；价在MA20下方,缺失
688630,芯碁微装,芯片智造,光刻设备、韬定律,芯片测试,13.345177664974608,465.4342871613066,59.0,64.5,71.6,480.93,基本面59.0 | 短线64.5 | 中期71.6 | 光刻设备；缺少总市值数据，按中性处理；PE不可用或为负，估值可信度较低；毛利率40.9%，盈利能力优秀；ROE 4.6%偏低；营收同比112.5%；利润同比109.0% | 月涨幅分位68%；换手率5.69%；成交额30.6亿；价在MA20下方,缺失
688037,芯源微,芯片智造,光刻设备、韬定律、键合,行业龙头、产能领先,47.89311005907899,259.00845284452464,56.0,54.2,73.1,339.78,基本面56.0 | 短线54.2 | 中期73.1 | 光刻设备、行业龙头、龙头、产能领先；缺少总市值数据，按中性处理；PE不可用或为负，估值可信度较低；毛利率46.7%，盈利能力优秀；ROE 0.1%偏低；营收同比20.1%；利润同比-24.7% | 月涨幅分位95%；换手率2.94%；成交额20.3亿；价在MA20下方,缺失
600487,亨通光电,光模块,光纤光缆,光纤龙头、光棒自主、全产业链、产能领先,-27.645721372467957,363.64238410596033,54.0,33.8,26.1,53.58,基本面54.0 | 短线33.8 | 中期26.1 | 光纤光缆、龙头、产能领先、全产业链；缺少总市值数据，按中性处理；PE不可用或为负，估值可信度较低；毛利率16.0%，利润垫偏薄；ROE 3.4%偏低；营收同比34.1%；利润同比98.5% | 月涨幅分位4%；换手率5.88%；成交额77.6亿；价在MA20下方,缺失
600522,中天科技,光模块,光纤光缆,PET复合铜箔龙头、宁德时代绑定,-14.979423868312756,199.42028985507244,46.0,31.8,29.7,30.07,基本面46.0 | 短线31.8 | 中期29.7 | 光纤光缆、龙头；缺少总市值数据，按中性处理；PE不可用或为负，估值可信度较低；毛利率15.6%，利润垫偏薄；ROE 2.4%偏低；营收同比34.7%；利润同比46.4% | 月涨幅分位19%；换手率4.95%；成交额53.8亿；价在MA20下方,缺失
688143,长盈通,光模块,光纤光缆,光纤光缆核心、军工配套、技术领先、国产替代,-34.02843601895734,268.25396825396825,52.0,23.2,36.4,83.24,基本面52.0 | 短线23.2 | 中期36.4 | 光纤光缆、技术领先、国产替代、核心；缺少总市值数据，按中性处理；PE不可用或为负，估值可信度较低；毛利率46.3%，盈利能力优秀；ROE 0.4%偏低；营收同比29.5%；利润同比-28.7% | 月涨幅分位2%；换手率5.81%；成交额7.0亿；价在MA20下方,缺失
601869,长飞光纤,光模块,光纤光缆,全球光纤龙头、技术标杆、海外拓展、产能领先,-12.515463917525771,863.8313982836952,63.0,32.9,36.5,355.81,基本面63.0 | 短线32.9 | 中期36.5 | 光纤光缆、龙头、技术标杆、产能领先、海外拓展；缺少总市值数据，按中性处理；PE不可用或为负，估值可信度较低；毛利率41.5%，盈利能力优秀；ROE 3.5%偏低；营收同比27.7%；利润同比226.4% | 月涨幅分位23%；换手率3.52%；成交额48.4亿；价在MA20下方,缺失
300265,通光线缆,光模块,光纤光缆,光纤核心厂商、光棒布局、双轨覆盖、高弹性,-31.110029211295032,48.63445378151261,35.0,32.7,21.0,10.49,基本面35.0 | 短线32.7 | 中期21.0 | 光纤光缆、核心；缺少总市值数据，按中性处理；PE不可用或为负，估值可信度较低；毛利率13.9%，利润垫偏薄；ROE 0.2%偏低；营收同比26.0%；利润同比-28.1% | 月涨幅分位2%；换手率10.20%；成交额6.5亿；价在MA20下方,缺失
688635,长进光子,光模块,光纤光缆,缺失,-14.54767726161369,缺失,52.0,24.0,15.0,229.96,基本面52.0 | 短线24.0 | 中期15.0 | 光纤光缆；缺少总市值数据，按中性处理；PE不可用或为负，估值可信度较低；毛利率62.3%，盈利壁垒强；ROE 3.1%偏低；营收同比20.6%；利润同比31.0% | 月涨幅分位20%；换手率7.27%；成交额3.2亿；价在MA20下方,缺失
688313,仕佳光子,光模块,硅光模块,硅光黑马、无源龙头、自主可控、技术壁垒,-6.352720198564432,282.4657534246575,62.0,28.6,28.2,112.28,基本面62.0 | 短线28.6 | 中期28.2 | 硅光模块、龙头、自主可控；缺少总市值数据，按中性处理；PE不可用或为负，估值可信度较低；毛利率34.1%，盈利能力良好；ROE 7.2%；营收同比32.2%；利润同比24.7% | 月涨幅分位36%；换手率3.11%；成交额15.9亿；价在MA20下方,缺失
002281,光迅科技,光模块,硅光模块、高速光芯片、光纤光缆,国家队龙头、全产业链、双轨覆盖、技术储备,5.3812753085817455,345.1772464962902,56.0,46.7,56.6,207.21,基本面56.0 | 短线46.7 | 中期56.6 | 硅光模块、高速光芯片、光纤光缆、国家队龙头、龙头、全产业链；缺少总市值数据，按中性处理；PE不可用或为负，估值可信度较低；毛利率26.8%，处于一般水平；ROE 2.4%偏低；营收同比24.8%；利润同比59.8% | 月涨幅分位56%；换手率3.74%；成交额55.4亿；价在MA20下方,缺失
300604,长川科技,芯片智造,刻蚀设备,测试核心、国产替代,45.76909286482611,634.3418378866562,69.0,75.4,76.5,375.61,基本面69.0 | 短线75.4 | 中期76.5 | 刻蚀设备、国产替代、核心；缺少总市值数据，按中性处理；PE不可用或为负，估值可信度较低；毛利率56.8%，盈利壁垒强；ROE 7.2%；营收同比69.1%；利润同比217.6% | 月涨幅分位94%；换手率5.99%；成交额88.0亿；价在MA20下方,缺失
300567,精测电子,芯片智造,刻蚀设备,检测核心、技术领先,57.29563744176198,404.071937563624,56.0,54.0,71.6,240.38,基本面56.0 | 短线54.0 | 中期71.6 | 刻蚀设备、技术领先、核心；缺少总市值数据，按中性处理；PE不可用或为负，估值可信度较低；毛利率45.4%，盈利能力优秀；ROE 1.0%偏低；营收同比7.3%；利润同比13.6% | 月涨幅分位96%；换手率4.43%；成交额22.3亿；价在MA20下方,缺失
600641,万业企业,芯片智造,刻蚀设备,行业核心、国产替代,38.27247191011236,192.1364985163205,49.0,53.9,49.5,30.56,基本面49.0 | 短线53.9 | 中期49.5 | 刻蚀设备、国产替代、核心；缺少总市值数据，按中性处理；PE不可用或为负，估值可信度较低；毛利率18.5%，利润垫偏薄；ROE -0.2%偏低；营收同比178.2%；利润同比17.5% | 月涨幅分位90%；换手率6.97%；成交额20.0亿；价在MA20下方,缺失
688729,屹唐股份,芯片智造,刻蚀设备,行业核心、技术突破,26.617303195635245,26.876617773943057,51.0,43.9,43.6,25.51,基本面51.0 | 短线43.9 | 中期43.6 | 刻蚀设备、技术突破、核心；缺少总市值数据，按中性处理；PE不可用或为负，估值可信度较低；毛利率40.0%，盈利能力优秀；ROE 1.8%偏低；营收同比-10.6%；利润同比-26.8% | 月涨幅分位82%；换手率3.15%；成交额15.4亿；价在MA20下方,缺失
603690,至纯科技,芯片智造,刻蚀设备,湿法核心、国产替代,16.191904047976013,24.8992747784045,44.0,36.5,26.8,18.83,基本面44.0 | 短线36.5 | 中期26.8 | 刻蚀设备、国产替代、核心；缺少总市值数据，按中性处理；PE不可用或为负，估值可信度较低；毛利率27.1%，处于一般水平；ROE -2.0%偏低；营收同比-14.7%；利润同比-232.8% | 月涨幅分位73%；换手率4.98%；成交额4.2亿；价在MA20下方,缺失
688012,中微公司,芯片智造,刻蚀设备、韬定律,行业龙头、技术标杆、产能领先,34.44327454593314,252.42366741417976,62.0,63.1,74.0,462.18,基本面62.0 | 短线63.1 | 中期74.0 | 刻蚀设备、行业龙头、龙头、技术标杆、产能领先；缺少总市值数据，按中性处理；PE不可用或为负，估值可信度较低；毛利率39.9%，盈利能力良好；ROE 4.0%偏低；营收同比34.1%；利润同比197.2% | 月涨幅分位88%；换手率2.81%；成交额101.6亿；价在MA20下方,缺失
688361,中科飞测,芯片智造,刻蚀设备、韬定律,检测核心、技术突破,72.21903289909473,370.888674233277,57.0,70.9,75.8,367.23,基本面57.0 | 短线70.9 | 中期75.8 | 刻蚀设备、技术突破、核心；缺少总市值数据，按中性处理；PE不可用或为负，估值可信度较低；毛利率47.8%，盈利能力优秀；ROE -1.3%偏低；营收同比34.6%；利润同比-354.3% | 月涨幅分位99%；换手率3.72%；成交额46.2亿；价在MA20下方,缺失
002371,北方华创,芯片智造,刻蚀设备、韬定律、键合,行业核心、产能领先、国产替代,14.658185691354486,138.25555659465692,59.0,55.8,71.5,819.98,基本面59.0 | 短线55.8 | 中期71.5 | 刻蚀设备、产能领先、国产替代、核心；缺少总市值数据，按中性处理；PE不可用或为负，估值可信度较低；毛利率40.8%，盈利能力优秀；ROE 4.2%偏低；营收同比25.8%；利润同比3.4% | 月涨幅分位71%；换手率2.19%；成交额120.2亿；价在MA20下方,缺失
002409,雅克科技,芯片智造,湿电子化学品,行业龙头、产能领先,42.130987292277624,254.0363363925829,52.0,65.6,66.3,163.65,基本面52.0 | 短线65.6 | 中期66.3 | 行业龙头、龙头、产能领先；缺少总市值数据，按中性处理；PE不可用或为负，估值可信度较低；毛利率31.2%，盈利能力良好；ROE 3.3%偏低；营收同比-6.9%；利润同比2.5% | 月涨幅分位93%；换手率13.10%；成交额63.9亿；价在MA20下方,缺失
603078,江化微,芯片智造,湿电子化学品,行业核心、国产替代,0.5999520038396877,137.5070821529745,45.0,30.7,46.7,30.53,基本面45.0 | 短线30.7 | 中期46.7 | 国产替代、核心；缺少总市值数据，按中性处理；PE不可用或为负，估值可信度较低；毛利率27.1%，处于一般水平；ROE 1.4%偏低；营收同比16.9%；利润同比7.3% | 月涨幅分位48%；换手率6.03%；成交额7.5亿；价在MA20下方,缺失
002741,光华科技,芯片智造,湿电子化学品,行业核心、国产替代,-7.593655079311512,32.01542912246866,47.0,20.4,33.7,21.74,基本面47.0 | 短线20.4 | 中期33.7 | 国产替代、核心；缺少总市值数据，按中性处理；PE不可用或为负，估值可信度较低；毛利率15.1%，利润垫偏薄；ROE 2.1%偏低；营收同比64.9%；利润同比63.2% | 月涨幅分位34%；换手率4.63%；成交额4.4亿；价在MA20下方,缺失
002584,西陇科学,芯片智造,湿电子化学品,行业核心、技术领先,1.261034047919285,-15.384615384615396,37.0,25.1,26.6,6.34,基本面37.0 | 短线25.1 | 中期26.6 | 技术领先、核心；缺少总市值数据，按中性处理；PE不可用或为负，估值可信度较低；毛利率8.8%，竞争压力较大；ROE 0.6%偏低；营收同比5.7%；利润同比38.7% | 月涨幅分位49%；换手率7.74%；成交额2.6亿；价在MA20下方,缺失
688603,天承科技,芯片智造,湿电子化学品,缺失,-16.348085271820135,185.9357696566999,50.0,14.0,28.9,95.51,基本面50.0 | 短线14.0 | 中期28.9 | 赛道与标签信息一般；缺少总市值数据，按中性处理；PE不可用或为负，估值可信度较低；毛利率37.9%，盈利能力良好；ROE 2.5%偏低；营收同比42.4%；利润同比57.8% | 月涨幅分位18%；换手率2.22%；成交额2.7亿；价在MA20下方,缺失
300721,怡达股份,芯片智造,湿电子化学品,缺失,-5.743243243243256,89.92511912865895,38.0,23.8,30.5,20.07,基本面38.0 | 短线23.8 | 中期30.5 | 赛道与标签信息一般；缺少总市值数据，按中性处理；PE不可用或为负，估值可信度较低；毛利率7.2%，竞争压力较大；ROE 0.4%偏低；营收同比64.9%；利润同比111.9% | 月涨幅分位36%；换手率6.81%；成交额2.0亿；价在MA20下方,缺失
601208,东材科技,PCB,树脂,缺失,-18.948575171962,431.0085836909871,40.0,39.8,38.4,41.99,基本面40.0 | 短线39.8 | 中期38.4 | 赛道与标签信息一般；缺少总市值数据，按中性处理；PE不可用或为负，估值可信度较低；毛利率17.1%，利润垫偏薄；ROE 3.1%偏低；营收同比27.2%；利润同比103.3% | 月涨幅分位14%；换手率5.41%；成交额23.0亿；价在MA20下方,缺失
605589,圣泉股份,PCB,树脂,缺失,-14.1803840877915,82.06620589305203,35.0,17.3,29.4,29.26,基本面35.0 | 短线17.3 | 中期29.4 | 赛道与标签信息一般；缺少总市值数据，按中性处理；PE不可用或为负，估值可信度较低；毛利率26.2%，处于一般水平；ROE 1.6%偏低；营收同比8.6%；利润同比-14.2% | 月涨幅分位20%；换手率2.69%；成交额8.7亿；价在MA20下方,缺失
600500,中化国际,PCB,树脂,缺失,-25.598991172761657,58.6021505376344,30.0,7.2,29.8,4.08,基本面30.0 | 短线7.2 | 中期29.8 | 赛道与标签信息一般；缺少总市值数据，按中性处理；PE不可用或为负，估值可信度较低；毛利率5.9%，竞争压力较大；ROE -2.1%偏低；营收同比-10.2%；利润同比45.5% | 月涨幅分位5%；换手率1.77%；成交额3.0亿；价在MA20下方,缺失
301630,同宇新材,PCB,树脂,缺失,2.8052472250252203,缺失,42.0,30.7,22.5,缺失,基本面42.0 | 短线30.7 | 中期22.5 | 赛道与标签信息一般；缺少总市值数据，按中性处理；PE不可用或为负，估值可信度较低；毛利率23.5%，处于一般水平；ROE 2.6%偏低；营收同比20.5%；利润同比35.9% | 缺少现价，无法估算目标价,缺失
002669,康达新材,PCB,树脂,缺失,-18.58064516129033,13.591359135913583,38.0,13.7,17.6,9.2,基本面38.0 | 短线13.7 | 中期17.6 | 赛道与标签信息一般；缺少总市值数据，按中性处理；PE不可用或为负，估值可信度较低；毛利率13.9%，利润垫偏薄；ROE 0.2%偏低；营收同比31.8%；利润同比7.7% | 月涨幅分位15%；换手率3.07%；成交额1.0亿；价在MA20下方,缺失
603002,宏昌电子,PCB,树脂,缺失,-1.8932874354561036,169.71608832807573,31.0,25.6,37.6,10.69,基本面31.0 | 短线25.6 | 中期37.6 | 赛道与标签信息一般；缺少总市值数据，按中性处理；PE不可用或为负，估值可信度较低；毛利率4.9%，竞争压力较大；ROE 0.0%偏低；营收同比76.8%；利润同比-92.7% | 月涨幅分位45%；换手率3.95%；成交额6.2亿；价在MA20下方,缺失
688234,天岳先进,PCB,碳化硅基板,碳化硅衬底龙头、技术壁垒高、产能领先、核心供应商,12.037186742118022,139.77508650519033,41.0,25.9,26.3,77.12,基本面41.0 | 短线25.9 | 中期26.3 | 碳化硅基板、龙头、技术壁垒高、产能领先、核心供应商、核心；缺少总市值数据，按中性处理；PE不可用或为负，估值可信度较低；毛利率19.1%，利润垫偏薄；ROE -0.8%偏低；营收同比-10.4%；利润同比-810.4% | 月涨幅分位64%；换手率1.98%；成交额8.3亿；价在MA20下方,缺失
002617,露笑科技,PCB,碳化硅基板,碳化硅核心厂商、量产落地、产能布局、技术储备,-10.588235294117654,1.4686248331108098,36.0,16.5,15.3,4.34,基本面36.0 | 短线16.5 | 中期15.3 | 碳化硅基板、核心；缺少总市值数据，按中性处理；PE不可用或为负，估值可信度较低；毛利率19.4%，利润垫偏薄；ROE 1.1%偏低；营收同比11.3%；利润同比-27.7% | 月涨幅分位27%；换手率3.88%；成交额4.3亿；价在MA20下方,缺失
600703,三安光电,PCB,碳化硅基板、SST固态变压器,SiC/GaN龙头、化合物半导体龙头、产能领先,13.002873563218388,29.252259654889063,41.0,26.4,18.4,9.3,基本面41.0 | 短线26.4 | 中期18.4 | 碳化硅基板、龙头、产能领先；缺少总市值数据，按中性处理；PE不可用或为负，估值可信度较低；毛利率18.5%，利润垫偏薄；ROE 0.2%偏低；营收同比-32.6%；利润同比-68.2% | 月涨幅分位67%；换手率2.25%；成交额13.4亿；价在MA20下方,缺失
688312,燕麦科技,PCB,韬定律,基板测试设备,-23.699802501645816,144.7212837837838,40.0,11.9,19.7,33.9,基本面40.0 | 短线11.9 | 中期19.7 | 赛道与标签信息一般；缺少总市值数据，按中性处理；PE不可用或为负，估值可信度较低；毛利率44.5%，盈利能力优秀；ROE 0.2%偏低；营收同比-3.7%；利润同比-1.9% | 月涨幅分位9%；换手率2.88%；成交额1.9亿；价在MA20下方,是
688808,联讯仪器,光模块,韬定律,光模块测试设备,-6.926887926887925,缺失,60.0,53.5,60.5,2231.14,基本面60.0 | 短线53.5 | 中期60.5 | 赛道与标签信息一般；缺少总市值数据，按中性处理；PE不可用或为负，估值可信度较低；毛利率66.8%，盈利壁垒强；ROE 12.4%；营收同比142.5%；利润同比515.2% | 月涨幅分位35%；换手率6.06%；成交额23.2亿；价在MA20下方,缺失
688809,强一股份,芯片智造,韬定律,mems探针,-5.34297426153657,缺失,56.0,44.8,48.4,480.47,基本面56.0 | 短线44.8 | 中期48.4 | 赛道与标签信息一般；缺少总市值数据，按中性处理；PE不可用或为负，估值可信度较低；毛利率64.5%，盈利壁垒强；ROE 2.7%偏低；营收同比229.4%；利润同比697.6% | 月涨幅分位37%；换手率8.66%；成交额9.8亿；价在MA20下方,缺失
600183,生益科技,PCB,铜箔,ABF铜箔、覆铜板龙头、配套深南/兴森,-11.12506610259123,351.62915686933155,54.0,30.7,55.3,127.69,基本面54.0 | 短线30.7 | 中期55.3 | 铜箔、龙头；缺少总市值数据，按中性处理；PE不可用或为负，估值可信度较低；毛利率28.1%，处于一般水平；ROE 6.7%；营收同比45.1%；利润同比105.5% | 月涨幅分位25%；换手率2.51%；成交额72.6亿；价在MA20下方,缺失
301511,德福科技,PCB,铜箔,HVLP5送样、AI服务器第一供应商、产能全球最大,-25.242297121365542,413.2075471698113,38.0,30.1,36.0,73.98,基本面38.0 | 短线30.1 | 中期36.0 | 铜箔；缺少总市值数据，按中性处理；PE不可用或为负，估值可信度较低；毛利率9.1%，竞争压力较大；ROE 3.5%偏低；营收同比73.5%；利润同比708.9% | 月涨幅分位7%；换手率5.87%；成交额16.8亿；价在MA20下方,缺失
301217,铜冠铜箔,PCB,铜箔,HVLP全谱系、ABF载板核心、英伟达/深南供应链,-15.55007052186178,860.3047313552527,40.0,31.0,54.4,92.39,基本面40.0 | 短线31.0 | 中期54.4 | 铜箔、核心；缺少总市值数据，按中性处理；PE不可用或为负，估值可信度较低；毛利率8.8%，竞争压力较大；ROE 1.9%偏低；营收同比32.0%；利润同比2138.2% | 月涨幅分位18%；换手率3.55%；成交额26.9亿；价在MA20下方,缺失
600110,诺德科技,芯片智造,铜箔,3μm极薄、锂电+PCB双赛道、业绩扭亏,-10.819165378670792,69.208211143695,42.0,20.6,30.2,8.42,基本面42.0 | 短线20.6 | 中期30.2 | 铜箔；缺少总市值数据，按中性处理；PE不可用或为负，估值可信度较低；毛利率11.7%，利润垫偏薄；ROE 0.7%偏低；营收同比80.4%；利润同比206.4% | 月涨幅分位26%；换手率4.46%；成交额6.9亿；价在MA20下方,缺失
688388,嘉元科技,芯片智造,铜箔,高端锂电铜箔、3μm量产、PCB铜箔突破,-22.990232907588283,125.93681116825866,38.0,19.8,18.3,22.54,基本面38.0 | 短线19.8 | 中期18.3 | 铜箔；缺少总市值数据，按中性处理；PE不可用或为负，估值可信度较低；毛利率7.5%，竞争压力较大；ROE 1.7%偏低；营收同比73.9%；利润同比392.8% | 月涨幅分位10%；换手率4.59%；成交额7.5亿；价在MA20下方,缺失
301389,隆扬电子,PCB,铜箔,缺失,-34.616625443596085,148.67075664621677,37.0,8.5,19.8,39.89,基本面37.0 | 短线8.5 | 中期19.8 | 铜箔；缺少总市值数据，按中性处理；PE不可用或为负，估值可信度较低；缺少毛利率数据，按中性处理；ROE缺失；营收同比缺失；利润同比缺失 | 月涨幅分位1%；换手率1.76%；成交额2.4亿；价在MA20下方,缺失
600110,诺德股份,PCB,铜箔,缺失,-10.819165378670792,69.208211143695,42.0,20.6,30.2,8.42,基本面42.0 | 短线20.6 | 中期30.2 | 铜箔；缺少总市值数据，按中性处理；PE不可用或为负，估值可信度较低；毛利率11.7%，利润垫偏薄；ROE 0.7%偏低；营收同比80.4%；利润同比206.4% | 月涨幅分位26%；换手率4.46%；成交额6.9亿；价在MA20下方,缺失
688388,嘉元科技,PCB,铜箔,缺失,-22.990232907588283,125.93681116825866,38.0,19.8,18.3,22.54,基本面38.0 | 短线19.8 | 中期18.3 | 铜箔；缺少总市值数据，按中性处理；PE不可用或为负，估值可信度较低；毛利率7.5%，竞争压力较大；ROE 1.7%偏低；营收同比73.9%；利润同比392.8% | 月涨幅分位10%；换手率4.59%；成交额7.5亿；价在MA20下方,缺失
002636,金安国纪,PCB,铜箔,缺失,-3.2265242545616246,834.2642320085929,48.0,40.8,50.7,61.41,基本面48.0 | 短线40.8 | 中期50.7 | 铜箔；缺少总市值数据，按中性处理；PE不可用或为负，估值可信度较低；毛利率26.4%，处于一般水平；ROE 5.4%；营收同比31.4%；利润同比763.9% | 月涨幅分位42%；换手率6.21%；成交额26.7亿；价在MA20下方,缺失
688456,有研粉材,PCB,铜箔,锡粉、铜粉,-24.41781081696125,182.10645526613817,38.0,18.8,38.2,72.12,基本面38.0 | 短线18.8 | 中期38.2 | 铜箔；缺少总市值数据，按中性处理；PE不可用或为负，估值可信度较低；毛利率7.5%，竞争压力较大；ROE 2.4%偏低；营收同比59.0%；利润同比193.0% | 月涨幅分位7%；换手率4.88%；成交额3.8亿；价在MA20下方,缺失
300283,温州宏丰,PCB,铜箔、钻孔,缺失,-5.097087378640774,139.50995405819296,42.0,28.6,41.6,13.48,基本面42.0 | 短线28.6 | 中期41.6 | 铜箔；缺少总市值数据，按中性处理；PE不可用或为负，估值可信度较低；毛利率13.9%，利润垫偏薄；ROE 4.9%偏低；营收同比110.3%；利润同比474.6% | 月涨幅分位39%；换手率7.74%；成交额4.0亿；价在MA20下方,缺失
688195,腾景科技,光模块,透镜,缺失,-22.633463198904924,369.93923888711225,46.0,19.7,17.2,105.52,基本面46.0 | 短线19.7 | 中期17.2 | 赛道与标签信息一般；缺少总市值数据，按中性处理；PE不可用或为负，估值可信度较低；毛利率37.2%，盈利能力良好；ROE 1.4%偏低；营收同比51.2%；利润同比10.7% | 月涨幅分位12%；换手率2.94%；成交额6.5亿；价在MA20下方,缺失
688020,方邦股份,芯片智造,先进封装,电磁屏蔽核心、技术领先,-12.292428198433411,329.126213592233,43.0,23.2,28.4,87.29,基本面43.0 | 短线23.2 | 中期28.4 | 先进封装、技术领先、核心；缺少总市值数据，按中性处理；PE不可用或为负，估值可信度较低；毛利率29.1%，处于一般水平；ROE -1.3%偏低；营收同比-9.9%；利润同比-1305.9% | 月涨幅分位24%；换手率4.20%；成交额3.8亿；价在MA20下方,缺失
688362,甬矽电子,芯片智造,先进封装,缺失,64.38356164383563,222.14765100671136,41.0,53.1,65.8,78.86,基本面41.0 | 短线53.1 | 中期65.8 | 先进封装；缺少总市值数据，按中性处理；PE不可用或为负，估值可信度较低；毛利率17.5%，利润垫偏薄；ROE 1.0%偏低；营收同比24.0%；利润同比8.2% | 月涨幅分位98%；换手率6.77%；成交额24.3亿；价在MA20下方,缺失
301312,智立方,芯片智造,先进封装,缺失,9.063097514340337,201.9054340155258,42.0,29.1,27.2,50.64,基本面42.0 | 短线29.1 | 中期27.2 | 先进封装；缺少总市值数据，按中性处理；PE不可用或为负，估值可信度较低；毛利率28.8%，处于一般水平；ROE 1.2%偏低；营收同比20.0%；利润同比-42.2% | 月涨幅分位61%；换手率4.91%；成交额2.6亿；价在MA20下方,缺失
688535,华海诚科,芯片智造,先进封装,环氧塑封料,26.512096774193527,161.2768910478834,51.0,40.5,41.2,108.85,基本面51.0 | 短线40.5 | 中期41.2 | 先进封装；缺少总市值数据，按中性处理；PE不可用或为负，估值可信度较低；毛利率28.6%，处于一般水平；ROE 0.6%偏低；营收同比165.6%；利润同比87.6% | 月涨幅分位81%；换手率6.98%；成交额9.7亿；价在MA20下方,缺失
688820,盛合晶微,芯片智造,先进封装、韬定律,Chiplet龙头、产能领先、技术标杆,20.68634355592547,缺失,54.0,51.3,39.4,151.42,基本面54.0 | 短线51.3 | 中期39.4 | 先进封装、龙头、技术标杆、产能领先；缺少总市值数据，按中性处理；PE不可用或为负，估值可信度较低；毛利率29.6%，处于一般水平；ROE 1.3%偏低；营收同比13.1%；利润同比51.5% | 月涨幅分位76%；换手率8.07%；成交额19.8亿；价在MA20下方,缺失
688372,伟测科技,芯片智造,先进封装、韬定律,缺失,14.61903778649598,174.57543281121187,55.0,37.4,25.6,122.44,基本面55.0 | 短线37.4 | 中期25.6 | 先进封装；缺少总市值数据，按中性处理；PE不可用或为负，估值可信度较低；毛利率35.0%，盈利能力良好；ROE 2.4%偏低；营收同比71.8%；利润同比173.4% | 月涨幅分位70%；换手率5.59%；成交额11.4亿；价在MA20下方,缺失
603203,快克智能,芯片智造,先进封装、韬定律、键合,缺失,1.626617375231043,196.2284482758621,56.0,22.6,40.1,38.69,基本面56.0 | 短线22.6 | 中期40.1 | 先进封装；缺少总市值数据，按中性处理；PE不可用或为负，估值可信度较低；毛利率49.8%，盈利能力优秀；ROE 5.3%；营收同比33.1%；利润同比16.1% | 月涨幅分位52%；换手率2.60%；成交额3.4亿；价在MA20下方,缺失
688249,晶合集成,芯片智造,先进制程,晶圆代工核心、技术突破,26.148148148148167,155.70570570570572,45.0,43.2,65.8,43.23,基本面45.0 | 短线43.2 | 中期65.8 | 先进制程、技术突破、核心；缺少总市值数据，按中性处理；PE不可用或为负，估值可信度较低；毛利率21.3%，处于一般水平；ROE 0.2%偏低；营收同比13.4%；利润同比-62.6% | 月涨幅分位81%；换手率1.45%；成交额13.4亿；价在MA20下方,缺失
688469,芯联集成,芯片智造,先进制程,晶圆代工核心、国产替代,18.46785225718195,81.55136268343817,44.0,30.5,42.1,7.54,基本面44.0 | 短线30.5 | 中期42.1 | 先进制程、国产替代、核心；缺少总市值数据，按中性处理；PE不可用或为负，估值可信度较低；毛利率5.7%，竞争压力较大；ROE -0.7%偏低；营收同比13.2%；利润同比51.5% | 月涨幅分位75%；换手率1.96%；成交额8.7亿；价在MA20下方,缺失
688691,灿芯股份,芯片智造,先进制程,晶圆代工核心、技术领先,11.07975331869968,75.07413509060954,43.0,29.4,5.8,51.87,基本面43.0 | 短线29.4 | 中期5.8 | 先进制程、技术领先、核心；缺少总市值数据，按中性处理；PE不可用或为负，估值可信度较低；毛利率16.7%，利润垫偏薄；ROE -2.3%偏低；营收同比23.4%；利润同比-10.5% | 月涨幅分位64%；换手率6.56%；成交额3.2亿；价在MA20下方,缺失
688172,燕东微,芯片智造,先进制程、大硅片,晶圆代工核心、国产替代,10.124826629680994,274.33211105290724,41.0,27.8,52.1,48.41,基本面41.0 | 短线27.8 | 中期52.1 | 先进制程、国产替代、核心；缺少总市值数据，按中性处理；PE不可用或为负，估值可信度较低；毛利率-2.0%，竞争压力较大；ROE -1.4%偏低；营收同比75.8%；利润同比-23.0% | 月涨幅分位63%；换手率1.37%；成交额9.3亿；价在MA20下方,缺失
688347,华虹公司,芯片智造,先进制程、韬定律,晶圆代工核心、产能领先、国产替代,60.278426523789896,648.182984181274,52.0,68.2,77.8,385.95,基本面52.0 | 短线68.2 | 中期77.8 | 先进制程、产能领先、国产替代、核心；缺少总市值数据，按中性处理；PE不可用或为负，估值可信度较低；毛利率17.6%，利润垫偏薄；ROE 0.3%偏低；营收同比18.2%；利润同比513.1% | 月涨幅分位97%；换手率5.19%；成交额71.5亿；价在MA20下方,缺失
001347,华虹公司,芯片智造,先进制程、韬定律,晶圆代工核心、产能领先、国产替代,23.68987796123474,412.035661218425,52.0,48.6,52.3,163.21,基本面52.0 | 短线48.6 | 中期52.3 | 先进制程、产能领先、国产替代、核心；缺少总市值数据，按中性处理；PE不可用或为负，估值可信度较低；毛利率13.0%，利润垫偏薄；ROE 0.3%偏低；营收同比22.2%；利润同比458.1% | 月涨幅分位80%；换手率缺失；成交额47.1亿；价在MA20下方,缺失
688981,中芯国际,芯片智造,先进制程、韬定律,晶圆代工龙头、产能领先、技术标杆,30.989750160153772,100.34292712798528,50.0,43.4,65.3,146.71,基本面50.0 | 短线43.4 | 中期65.3 | 先进制程、龙头、技术标杆、产能领先；缺少总市值数据，按中性处理；PE不可用或为负，估值可信度较低；毛利率21.5%，处于一般水平；ROE 0.9%偏低；营收同比8.1%；利润同比0.4% | 月涨幅分位86%；换手率2.39%；成交额69.4亿；价在MA20下方,缺失
002938,鹏鼎控股,PCB,印制电路板,参股礼鼎、全球PCB龙头、HBM载板核心,-5.141843971631199,201.8808777429467,41.0,24.1,49.7,75.05,基本面41.0 | 短线24.1 | 中期49.7 | 龙头、核心；缺少总市值数据，按中性处理；PE不可用或为负，估值可信度较低；毛利率22.9%，处于一般水平；ROE 1.4%偏低；营收同比-1.2%；利润同比-5.2% | 月涨幅分位38%；换手率1.02%；成交额20.9亿；价在MA20下方,缺失
300476,胜宏科技,PCB,印制电路板,高速PCB核心、产能领先、客户优质,-16.564285932581523,107.37561716672994,57.0,23.0,21.4,222.37,基本面57.0 | 短线23.0 | 中期21.4 | 产能领先、客户优质、核心；缺少总市值数据，按中性处理；PE不可用或为负，估值可信度较低；毛利率34.5%，盈利能力良好；ROE 7.6%；营收同比28.0%；利润同比39.9% | 月涨幅分位17%；换手率2.45%；成交额49.6亿；价在MA20下方,缺失
002815,崇达技术,PCB,印制电路板,高速PCB龙头、海外拓展、客户优质,-2.6822157434402194,50.6317689530686,44.0,20.9,16.3,9.18,基本面44.0 | 短线20.9 | 中期16.3 | 龙头、客户优质、海外拓展；缺少总市值数据，按中性处理；PE不可用或为负，估值可信度较低；毛利率19.8%，利润垫偏薄；ROE 0.4%偏低；营收同比19.9%；利润同比-71.9% | 月涨幅分位43%；换手率4.19%；成交额3.8亿；价在MA20下方,缺失
688183,生益电子,PCB,印制电路板,缺失,-10.222401940962389,133.16530140726738,52.0,19.0,28.0,96.44,基本面52.0 | 短线19.0 | 中期28.0 | 赛道与标签信息一般；缺少总市值数据，按中性处理；PE不可用或为负，估值可信度较低；毛利率35.2%，盈利能力良好；ROE 7.5%；营收同比52.6%；利润同比122.2% | 月涨幅分位28%；换手率1.42%；成交额11.7亿；价在MA20下方,缺失
603459,红板科技,PCB,印制电路板,缺失,16.09620721554115,缺失,42.0,55.6,43.1,81.28,基本面42.0 | 短线55.6 | 中期43.1 | 赛道与标签信息一般；缺少总市值数据，按中性处理；PE不可用或为负，估值可信度较低；毛利率25.2%，处于一般水平；ROE 5.2%；营收同比22.9%；利润同比14.4% | 月涨幅分位72%；换手率24.05%；成交额16.5亿；价在MA20下方,缺失
002579,中京电子,PCB,印制电路板,缺失,5.7615894039735105,15.976761074800304,29.0,42.1,30.5,9.68,基本面29.0 | 短线42.1 | 中期30.5 | 赛道与标签信息一般；缺少总市值数据，按中性处理；PE不可用或为负，估值可信度较低；毛利率15.7%，利润垫偏薄；ROE 0.2%偏低；营收同比-5.9%；利润同比-16.9% | 月涨幅分位56%；换手率14.31%；成交额10.2亿；价在MA20下方,缺失
001888,建滔积层板,PCB,印制电路板,缺失,-24.032738095238106,440.3774703348117,44.0,29.6,42.1,38.2,基本面44.0 | 短线29.6 | 中期42.1 | 赛道与标签信息一般；缺少总市值数据，按中性处理；PE不可用或为负，估值可信度较低；毛利率19.6%，利润垫偏薄；ROE 15.4%；营收同比10.0%；利润同比84.2% | 月涨幅分位8%；换手率缺失；成交额31.1亿；价在MA20下方,缺失
603936,博敏电子,PCB,印制电路板,陶瓷载板,-25.470085470085458,93.34811529933484,29.0,27.1,23.3,10.43,基本面29.0 | 短线27.1 | 中期23.3 | 赛道与标签信息一般；缺少总市值数据，按中性处理；PE不可用或为负，估值可信度较低；毛利率15.5%，利润垫偏薄；ROE -0.2%偏低；营收同比-0.6%；利润同比-139.7% | 月涨幅分位6%；换手率5.83%；成交额5.1亿；价在MA20下方,缺失
300903,科翔股份,PCB,印制电路板,英伟达小道消息,13.736969870055704,586.6379310344828,27.0,39.8,55.0,50.7,基本面27.0 | 短线39.8 | 中期55.0 | 赛道与标签信息一般；缺少总市值数据，按中性处理；PE不可用或为负，估值可信度较低；毛利率8.3%，竞争压力较大；ROE -3.3%偏低；营收同比9.4%；利润同比-56.3% | 月涨幅分位69%；换手率5.06%；成交额10.4亿；价在MA20下方,缺失
002916,深南电路,PCB,印制电路板、ABF载板,封装基板龙头、国内PCB龙头、产能领先,3.712779973649538,266.81267474370924,58.0,29.2,49.9,358.3,基本面58.0 | 短线29.2 | 中期49.9 | ABF载板、龙头、产能领先；缺少总市值数据，按中性处理；PE不可用或为负，估值可信度较低；毛利率29.2%，处于一般水平；ROE 4.8%偏低；营收同比37.9%；利润同比73.0% | 月涨幅分位55%；换手率1.05%；成交额23.3亿；价在MA20下方,缺失
002436,兴森科技,PCB,印制电路板、ABF载板,ABF载板龙头、封装基板核心、产能领先,1.85185185185186,197.7571539056458,52.0,48.9,48.1,36.56,基本面52.0 | 短线48.9 | 中期48.1 | ABF载板、龙头、产能领先、核心；缺少总市值数据，按中性处理；PE不可用或为负，估值可信度较低；毛利率19.2%，利润垫偏薄；ROE 0.3%偏低；营收同比15.1%；利润同比100.0% | 月涨幅分位52%；换手率7.18%；成交额37.5亿；价在MA20下方,缺失
002463,沪电股份,PCB,印制电路板、ABF载板,高速PCB龙头、ABF领先、产能规模大、客户优质,-0.4313099041533541,192.62910798122067,64.0,30.6,51.6,123.79,基本面64.0 | 短线30.6 | 中期51.6 | ABF载板、龙头、客户优质；缺少总市值数据，按中性处理；PE不可用或为负，估值可信度较低；毛利率35.6%，盈利能力良好；ROE 7.8%；营收同比53.9%；利润同比62.9% | 月涨幅分位47%；换手率2.19%；成交额47.8亿；价在MA20下方,缺失
000657,中钨高新,PCB,钻孔,缺失,-11.97969543147208,501.56114483954906,52.0,29.3,40.5,57.56,基本面52.0 | 短线29.3 | 中期40.5 | 赛道与标签信息一般；缺少总市值数据，按中性处理；PE不可用或为负，估值可信度较低；毛利率30.5%，盈利能力良好；ROE 9.0%；营收同比106.5%；利润同比264.4% | 月涨幅分位24%；换手率3.00%；成交额24.6亿；价在MA20下方,缺失
301200,大族数控,PCB,钻孔,缺失,9.389891696750908,621.796093377799,50.0,42.4,54.2,280.39,基本面50.0 | 短线42.4 | 中期54.2 | 赛道与标签信息一般；缺少总市值数据，按中性处理；PE不可用或为负，估值可信度较低；毛利率33.1%，盈利能力良好；ROE 3.7%偏低；营收同比103.7%；利润同比176.5% | 月涨幅分位61%；换手率1.11%；成交额12.2亿；价在MA20下方,缺失
301377,鼎泰高科,PCB,钻孔,缺失,-7.129217059197968,1214.4144144144143,58.0,29.3,58.3,433.7,基本面58.0 | 短线29.3 | 中期58.3 | 赛道与标签信息一般；缺少总市值数据，按中性处理；PE不可用或为负，估值可信度较低；毛利率53.3%，盈利壁垒强；ROE 9.4%；营收同比92.3%；利润同比259.0% | 月涨幅分位35%；换手率2.97%；成交额11.7亿；价在MA20下方,缺失
002297,博云新材,PCB,钻孔,缺失,-3.609625668449212,176.9526248399488,55.0,30.1,27.8,17.22,基本面55.0 | 短线30.1 | 中期27.8 | 赛道与标签信息一般；缺少总市值数据，按中性处理；PE不可用或为负，估值可信度较低；毛利率48.7%，盈利能力优秀；ROE 6.0%；营收同比125.9%；利润同比13362.4% | 月涨幅分位40%；换手率6.72%；成交额6.6亿；价在MA20下方,是
